name,time
benchmark_puzzles/benchmarks3x3/10/puzzle1.txt,0.000838
benchmark_puzzles/benchmarks3x3/10/puzzle10.txt,0.001233
benchmark_puzzles/benchmarks3x3/10/puzzle11.txt,0.000959
benchmark_puzzles/benchmarks3x3/10/puzzle12.txt,0.001113
benchmark_puzzles/benchmarks3x3/10/puzzle13.txt,0.001206
benchmark_puzzles/benchmarks3x3/10/puzzle14.txt,0.000997
benchmark_puzzles/benchmarks3x3/10/puzzle15.txt,0.000914
benchmark_puzzles/benchmarks3x3/10/puzzle16.txt,0.000818
benchmark_puzzles/benchmarks3x3/10/puzzle17.txt,0.001008
benchmark_puzzles/benchmarks3x3/10/puzzle18.txt,0.000796
benchmark_puzzles/benchmarks3x3/10/puzzle19.txt,0.000812
benchmark_puzzles/benchmarks3x3/10/puzzle2.txt,0.00048
benchmark_puzzles/benchmarks3x3/10/puzzle20.txt,0.001011
benchmark_puzzles/benchmarks3x3/10/puzzle3.txt,0.000906
benchmark_puzzles/benchmarks3x3/10/puzzle4.txt,0.001171
benchmark_puzzles/benchmarks3x3/10/puzzle5.txt,0.001111
benchmark_puzzles/benchmarks3x3/10/puzzle6.txt,0.001329
benchmark_puzzles/benchmarks3x3/10/puzzle7.txt,0.001
benchmark_puzzles/benchmarks3x3/10/puzzle8.txt,0.001629
benchmark_puzzles/benchmarks3x3/10/puzzle9.txt,0.000894
benchmark_puzzles/benchmarks3x3/15/puzzle1.txt,0.000919
benchmark_puzzles/benchmarks3x3/15/puzzle10.txt,0.000833
benchmark_puzzles/benchmarks3x3/15/puzzle11.txt,0.001464
benchmark_puzzles/benchmarks3x3/15/puzzle12.txt,0.001047
benchmark_puzzles/benchmarks3x3/15/puzzle13.txt,0.00098
benchmark_puzzles/benchmarks3x3/15/puzzle14.txt,0.000983
benchmark_puzzles/benchmarks3x3/15/puzzle15.txt,0.002017
benchmark_puzzles/benchmarks3x3/15/puzzle16.txt,0.001254
benchmark_puzzles/benchmarks3x3/15/puzzle17.txt,0.00103
benchmark_puzzles/benchmarks3x3/15/puzzle18.txt,0.000973
benchmark_puzzles/benchmarks3x3/15/puzzle19.txt,0.001391
benchmark_puzzles/benchmarks3x3/15/puzzle2.txt,0.000893
benchmark_puzzles/benchmarks3x3/15/puzzle20.txt,0.001329
benchmark_puzzles/benchmarks3x3/15/puzzle3.txt,0.000834
benchmark_puzzles/benchmarks3x3/15/puzzle4.txt,0.00076
benchmark_puzzles/benchmarks3x3/15/puzzle5.txt,0.000773
benchmark_puzzles/benchmarks3x3/15/puzzle6.txt,0.000825
benchmark_puzzles/benchmarks3x3/15/puzzle7.txt,0.000807
benchmark_puzzles/benchmarks3x3/15/puzzle8.txt,0.000883
benchmark_puzzles/benchmarks3x3/15/puzzle9.txt,0.000859
benchmark_puzzles/benchmarks3x3/20/puzzle1.txt,0.001207
benchmark_puzzles/benchmarks3x3/20/puzzle10.txt,0.001745
benchmark_puzzles/benchmarks3x3/20/puzzle11.txt,0.001165
benchmark_puzzles/benchmarks3x3/20/puzzle12.txt,0.000723
benchmark_puzzles/benchmarks3x3/20/puzzle13.txt,0.002504
benchmark_puzzles/benchmarks3x3/20/puzzle14.txt,0.001014
benchmark_puzzles/benchmarks3x3/20/puzzle15.txt,0.002487
benchmark_puzzles/benchmarks3x3/20/puzzle16.txt,0.001256
benchmark_puzzles/benchmarks3x3/20/puzzle17.txt,0.001178
benchmark_puzzles/benchmarks3x3/20/puzzle18.txt,0.004889
benchmark_puzzles/benchmarks3x3/20/puzzle19.txt,0.001421
benchmark_puzzles/benchmarks3x3/20/puzzle2.txt,0.001158
benchmark_puzzles/benchmarks3x3/20/puzzle20.txt,0.001295
benchmark_puzzles/benchmarks3x3/20/puzzle3.txt,0.001177
benchmark_puzzles/benchmarks3x3/20/puzzle4.txt,0.001174
benchmark_puzzles/benchmarks3x3/20/puzzle5.txt,0.001263
benchmark_puzzles/benchmarks3x3/20/puzzle6.txt,0.004012
benchmark_puzzles/benchmarks3x3/20/puzzle7.txt,0.000897
benchmark_puzzles/benchmarks3x3/20/puzzle8.txt,0.001312
benchmark_puzzles/benchmarks3x3/20/puzzle9.txt,0.002018
benchmark_puzzles/benchmarks3x3/25/puzzle1.txt,0.0011
benchmark_puzzles/benchmarks3x3/25/puzzle10.txt,0.04672
benchmark_puzzles/benchmarks3x3/25/puzzle11.txt,0.00084
benchmark_puzzles/benchmarks3x3/25/puzzle12.txt,0.001223
benchmark_puzzles/benchmarks3x3/25/puzzle13.txt,0.017838
benchmark_puzzles/benchmarks3x3/25/puzzle14.txt,0.001908
benchmark_puzzles/benchmarks3x3/25/puzzle15.txt,0.005088
benchmark_puzzles/benchmarks3x3/25/puzzle16.txt,0.002497
benchmark_puzzles/benchmarks3x3/25/puzzle17.txt,0.011176
benchmark_puzzles/benchmarks3x3/25/puzzle18.txt,0.083899
benchmark_puzzles/benchmarks3x3/25/puzzle19.txt,0.001947
benchmark_puzzles/benchmarks3x3/25/puzzle2.txt,0.000863
benchmark_puzzles/benchmarks3x3/25/puzzle20.txt,0.005465
benchmark_puzzles/benchmarks3x3/25/puzzle3.txt,0.02077
benchmark_puzzles/benchmarks3x3/25/puzzle4.txt,0.001149
benchmark_puzzles/benchmarks3x3/25/puzzle5.txt,0.000831
benchmark_puzzles/benchmarks3x3/25/puzzle6.txt,0.01333
benchmark_puzzles/benchmarks3x3/25/puzzle7.txt,0.000821
benchmark_puzzles/benchmarks3x3/25/puzzle8.txt,0.006329
benchmark_puzzles/benchmarks3x3/25/puzzle9.txt,0.003035
benchmark_puzzles/benchmarks3x3/30/puzzle1.txt,0.001145
benchmark_puzzles/benchmarks3x3/30/puzzle10.txt,0.043853
benchmark_puzzles/benchmarks3x3/30/puzzle11.txt,0.004586
benchmark_puzzles/benchmarks3x3/30/puzzle12.txt,0.00361
benchmark_puzzles/benchmarks3x3/30/puzzle13.txt,0.006138
benchmark_puzzles/benchmarks3x3/30/puzzle14.txt,0.003254
benchmark_puzzles/benchmarks3x3/30/puzzle15.txt,0.014074
benchmark_puzzles/benchmarks3x3/30/puzzle16.txt,0.033795
benchmark_puzzles/benchmarks3x3/30/puzzle17.txt,0.006746
benchmark_puzzles/benchmarks3x3/30/puzzle18.txt,0.087031
benchmark_puzzles/benchmarks3x3/30/puzzle19.txt,0.005056
benchmark_puzzles/benchmarks3x3/30/puzzle2.txt,0.001242
benchmark_puzzles/benchmarks3x3/30/puzzle20.txt,0.004865
benchmark_puzzles/benchmarks3x3/30/puzzle3.txt,0.017762
benchmark_puzzles/benchmarks3x3/30/puzzle4.txt,0.001183
benchmark_puzzles/benchmarks3x3/30/puzzle5.txt,0.002214
benchmark_puzzles/benchmarks3x3/30/puzzle6.txt,0.001148
benchmark_puzzles/benchmarks3x3/30/puzzle7.txt,0.001331
benchmark_puzzles/benchmarks3x3/30/puzzle8.txt,0.017766
benchmark_puzzles/benchmarks3x3/30/puzzle9.txt,0.00483
benchmark_puzzles/benchmarks3x3/35/puzzle1.txt,0.002867
benchmark_puzzles/benchmarks3x3/35/puzzle10.txt,0.111462
benchmark_puzzles/benchmarks3x3/35/puzzle11.txt,0.002917
benchmark_puzzles/benchmarks3x3/35/puzzle12.txt,0.017962
benchmark_puzzles/benchmarks3x3/35/puzzle13.txt,0.084267
benchmark_puzzles/benchmarks3x3/35/puzzle14.txt,0.038906
benchmark_puzzles/benchmarks3x3/35/puzzle15.txt,0.002139
benchmark_puzzles/benchmarks3x3/35/puzzle16.txt,0.015262
benchmark_puzzles/benchmarks3x3/35/puzzle17.txt,0.045383
benchmark_puzzles/benchmarks3x3/35/puzzle18.txt,0.13657
benchmark_puzzles/benchmarks3x3/35/puzzle19.txt,0.007251
benchmark_puzzles/benchmarks3x3/35/puzzle2.txt,0.001475
benchmark_puzzles/benchmarks3x3/35/puzzle20.txt,0.058532
benchmark_puzzles/benchmarks3x3/35/puzzle3.txt,0.048837
benchmark_puzzles/benchmarks3x3/35/puzzle4.txt,0.002759
benchmark_puzzles/benchmarks3x3/35/puzzle5.txt,0.010248
benchmark_puzzles/benchmarks3x3/35/puzzle6.txt,0.100131
benchmark_puzzles/benchmarks3x3/35/puzzle7.txt,0.007377
benchmark_puzzles/benchmarks3x3/35/puzzle8.txt,0.083683
benchmark_puzzles/benchmarks3x3/35/puzzle9.txt,0.050833
benchmark_puzzles/benchmarks3x3/40/puzzle1.txt,0.001413
benchmark_puzzles/benchmarks3x3/40/puzzle10.txt,0.121604
benchmark_puzzles/benchmarks3x3/40/puzzle11.txt,0.062124
benchmark_puzzles/benchmarks3x3/40/puzzle12.txt,0.067526
benchmark_puzzles/benchmarks3x3/40/puzzle13.txt,0.101888
benchmark_puzzles/benchmarks3x3/40/puzzle14.txt,0.028664
benchmark_puzzles/benchmarks3x3/40/puzzle15.txt,0.034804
benchmark_puzzles/benchmarks3x3/40/puzzle16.txt,0.055716
benchmark_puzzles/benchmarks3x3/40/puzzle17.txt,0.072975
benchmark_puzzles/benchmarks3x3/40/puzzle18.txt,0.197426
benchmark_puzzles/benchmarks3x3/40/puzzle19.txt,0.070648
benchmark_puzzles/benchmarks3x3/40/puzzle2.txt,0.014284
benchmark_puzzles/benchmarks3x3/40/puzzle20.txt,0.055758
benchmark_puzzles/benchmarks3x3/40/puzzle3.txt,0.061294
benchmark_puzzles/benchmarks3x3/40/puzzle4.txt,0.02581
benchmark_puzzles/benchmarks3x3/40/puzzle5.txt,0.017863
benchmark_puzzles/benchmarks3x3/40/puzzle6.txt,0.110398
benchmark_puzzles/benchmarks3x3/40/puzzle7.txt,0.001465
benchmark_puzzles/benchmarks3x3/40/puzzle8.txt,0.086779
benchmark_puzzles/benchmarks3x3/40/puzzle9.txt,0.064298
benchmark_puzzles/benchmarks3x3/45/puzzle1.txt,0.056032
benchmark_puzzles/benchmarks3x3/45/puzzle10.txt,0.232939
benchmark_puzzles/benchmarks3x3/45/puzzle11.txt,0.134831
benchmark_puzzles/benchmarks3x3/45/puzzle12.txt,0.211635
benchmark_puzzles/benchmarks3x3/45/puzzle13.txt,0.187545
benchmark_puzzles/benchmarks3x3/45/puzzle14.txt,0.072273
benchmark_puzzles/benchmarks3x3/45/puzzle15.txt,0.122295
benchmark_puzzles/benchmarks3x3/45/puzzle16.txt,0.049057
benchmark_puzzles/benchmarks3x3/45/puzzle17.txt,0.120278
benchmark_puzzles/benchmarks3x3/45/puzzle18.txt,0.180418
benchmark_puzzles/benchmarks3x3/45/puzzle19.txt,0.08861
benchmark_puzzles/benchmarks3x3/45/puzzle2.txt,0.092699
benchmark_puzzles/benchmarks3x3/45/puzzle20.txt,0.178903
benchmark_puzzles/benchmarks3x3/45/puzzle3.txt,0.159075
benchmark_puzzles/benchmarks3x3/45/puzzle4.txt,0.00562
benchmark_puzzles/benchmarks3x3/45/puzzle5.txt,0.108494
benchmark_puzzles/benchmarks3x3/45/puzzle6.txt,0.076904
benchmark_puzzles/benchmarks3x3/45/puzzle7.txt,0.010882
benchmark_puzzles/benchmarks3x3/45/puzzle8.txt,0.157293
benchmark_puzzles/benchmarks3x3/45/puzzle9.txt,0.118283
benchmark_puzzles/benchmarks3x3/5/puzzle1.txt,0.00043
benchmark_puzzles/benchmarks3x3/5/puzzle10.txt,0.00047
benchmark_puzzles/benchmarks3x3/5/puzzle11.txt,0.000573
benchmark_puzzles/benchmarks3x3/5/puzzle12.txt,0.000443
benchmark_puzzles/benchmarks3x3/5/puzzle13.txt,0.001052
benchmark_puzzles/benchmarks3x3/5/puzzle14.txt,0.000947
benchmark_puzzles/benchmarks3x3/5/puzzle15.txt,0.00117
benchmark_puzzles/benchmarks3x3/5/puzzle16.txt,0.001266
benchmark_puzzles/benchmarks3x3/5/puzzle17.txt,0.00057
benchmark_puzzles/benchmarks3x3/5/puzzle18.txt,0.00114
benchmark_puzzles/benchmarks3x3/5/puzzle19.txt,0.001322
benchmark_puzzles/benchmarks3x3/5/puzzle2.txt,0.000563
benchmark_puzzles/benchmarks3x3/5/puzzle20.txt,0.000584
benchmark_puzzles/benchmarks3x3/5/puzzle3.txt,0.00113
benchmark_puzzles/benchmarks3x3/5/puzzle4.txt,0.000604
benchmark_puzzles/benchmarks3x3/5/puzzle5.txt,0.001232
benchmark_puzzles/benchmarks3x3/5/puzzle6.txt,0.000614
benchmark_puzzles/benchmarks3x3/5/puzzle7.txt,0.001097
benchmark_puzzles/benchmarks3x3/5/puzzle8.txt,0.001118
benchmark_puzzles/benchmarks3x3/5/puzzle9.txt,0.000549
benchmark_puzzles/benchmarks3x3/50/puzzle1.txt,0.079726
benchmark_puzzles/benchmarks3x3/50/puzzle10.txt,0.184425
benchmark_puzzles/benchmarks3x3/50/puzzle11.txt,0.200555
benchmark_puzzles/benchmarks3x3/50/puzzle12.txt,0.248694
benchmark_puzzles/benchmarks3x3/50/puzzle13.txt,0.287325
benchmark_puzzles/benchmarks3x3/50/puzzle14.txt,0.102303
benchmark_puzzles/benchmarks3x3/50/puzzle15.txt,0.080825
benchmark_puzzles/benchmarks3x3/50/puzzle16.txt,0.114109
benchmark_puzzles/benchmarks3x3/50/puzzle17.txt,0.184957
benchmark_puzzles/benchmarks3x3/50/puzzle18.txt,0.257772
benchmark_puzzles/benchmarks3x3/50/puzzle19.txt,0.170078
benchmark_puzzles/benchmarks3x3/50/puzzle2.txt,0.081056
benchmark_puzzles/benchmarks3x3/50/puzzle20.txt,0.194507
benchmark_puzzles/benchmarks3x3/50/puzzle3.txt,0.192019
benchmark_puzzles/benchmarks3x3/50/puzzle4.txt,0.058669
benchmark_puzzles/benchmarks3x3/50/puzzle5.txt,0.181205
benchmark_puzzles/benchmarks3x3/50/puzzle6.txt,0.231674
benchmark_puzzles/benchmarks3x3/50/puzzle7.txt,0.021557
benchmark_puzzles/benchmarks3x3/50/puzzle8.txt,0.227032
benchmark_puzzles/benchmarks3x3/50/puzzle9.txt,0.159753
benchmark_puzzles/benchmarks3x3/55/puzzle1.txt,0.176602
benchmark_puzzles/benchmarks3x3/55/puzzle10.txt,0.240368
benchmark_puzzles/benchmarks3x3/55/puzzle11.txt,0.194604
benchmark_puzzles/benchmarks3x3/55/puzzle12.txt,0.29235
benchmark_puzzles/benchmarks3x3/55/puzzle13.txt,0.283273
benchmark_puzzles/benchmarks3x3/55/puzzle14.txt,0.14091
benchmark_puzzles/benchmarks3x3/55/puzzle15.txt,0.198944
benchmark_puzzles/benchmarks3x3/55/puzzle16.txt,0.194471
benchmark_puzzles/benchmarks3x3/55/puzzle17.txt,0.250409
benchmark_puzzles/benchmarks3x3/55/puzzle18.txt,0.286927
benchmark_puzzles/benchmarks3x3/55/puzzle19.txt,0.183233
benchmark_puzzles/benchmarks3x3/55/puzzle2.txt,0.141577
benchmark_puzzles/benchmarks3x3/55/puzzle20.txt,0.259998
benchmark_puzzles/benchmarks3x3/55/puzzle3.txt,0.261191
benchmark_puzzles/benchmarks3x3/55/puzzle4.txt,0.147624
benchmark_puzzles/benchmarks3x3/55/puzzle5.txt,0.283462
benchmark_puzzles/benchmarks3x3/55/puzzle6.txt,0.33091
benchmark_puzzles/benchmarks3x3/55/puzzle7.txt,0.073164
benchmark_puzzles/benchmarks3x3/55/puzzle8.txt,0.258757
benchmark_puzzles/benchmarks3x3/55/puzzle9.txt,0.155329
benchmark_puzzles/benchmarks3x3/60/puzzle1.txt,0.165085
benchmark_puzzles/benchmarks3x3/60/puzzle10.txt,0.249909
benchmark_puzzles/benchmarks3x3/60/puzzle11.txt,0.258562
benchmark_puzzles/benchmarks3x3/60/puzzle12.txt,0.393101
benchmark_puzzles/benchmarks3x3/60/puzzle13.txt,0.095433
benchmark_puzzles/benchmarks3x3/60/puzzle14.txt,0.112029
benchmark_puzzles/benchmarks3x3/60/puzzle15.txt,0.27443
benchmark_puzzles/benchmarks3x3/60/puzzle16.txt,0.190793
benchmark_puzzles/benchmarks3x3/60/puzzle17.txt,0.398199
benchmark_puzzles/benchmarks3x3/60/puzzle18.txt,0.486579
benchmark_puzzles/benchmarks3x3/60/puzzle19.txt,0.228462
benchmark_puzzles/benchmarks3x3/60/puzzle2.txt,0.243741
benchmark_puzzles/benchmarks3x3/60/puzzle20.txt,0.323758
benchmark_puzzles/benchmarks3x3/60/puzzle3.txt,0.457987
benchmark_puzzles/benchmarks3x3/60/puzzle4.txt,0.174867
benchmark_puzzles/benchmarks3x3/60/puzzle5.txt,0.341166
benchmark_puzzles/benchmarks3x3/60/puzzle6.txt,0.329751
benchmark_puzzles/benchmarks3x3/60/puzzle7.txt,0.191857
benchmark_puzzles/benchmarks3x3/60/puzzle8.txt,0.323815
benchmark_puzzles/benchmarks3x3/60/puzzle9.txt,0.234814
benchmark_puzzles/benchmarks3x3/65/puzzle1.txt,0.258205
benchmark_puzzles/benchmarks3x3/65/puzzle10.txt,0.331441
benchmark_puzzles/benchmarks3x3/65/puzzle11.txt,0.331645
benchmark_puzzles/benchmarks3x3/65/puzzle12.txt,0.401401
benchmark_puzzles/benchmarks3x3/65/puzzle13.txt,0.385489
benchmark_puzzles/benchmarks3x3/65/puzzle14.txt,0.226244
benchmark_puzzles/benchmarks3x3/65/puzzle15.txt,0.380383
benchmark_puzzles/benchmarks3x3/65/puzzle16.txt,0.313683
benchmark_puzzles/benchmarks3x3/65/puzzle17.txt,0.43638
benchmark_puzzles/benchmarks3x3/65/puzzle18.txt,0.369455
benchmark_puzzles/benchmarks3x3/65/puzzle19.txt,0.187525
benchmark_puzzles/benchmarks3x3/65/puzzle2.txt,0.176227
benchmark_puzzles/benchmarks3x3/65/puzzle20.txt,0.438673
benchmark_puzzles/benchmarks3x3/65/puzzle3.txt,0.351369
benchmark_puzzles/benchmarks3x3/65/puzzle4.txt,0.305136
benchmark_puzzles/benchmarks3x3/65/puzzle5.txt,0.365533
benchmark_puzzles/benchmarks3x3/65/puzzle6.txt,0.400611
benchmark_puzzles/benchmarks3x3/65/puzzle7.txt,0.233346
benchmark_puzzles/benchmarks3x3/65/puzzle8.txt,0.442848
benchmark_puzzles/benchmarks3x3/65/puzzle9.txt,0.374274
benchmark_puzzles/benchmarks3x3/70/puzzle1.txt,0.345724
benchmark_puzzles/benchmarks3x3/70/puzzle10.txt,0.501986
benchmark_puzzles/benchmarks3x3/70/puzzle11.txt,0.36767
benchmark_puzzles/benchmarks3x3/70/puzzle12.txt,0.424562
benchmark_puzzles/benchmarks3x3/70/puzzle13.txt,0.449371
benchmark_puzzles/benchmarks3x3/70/puzzle14.txt,0.271689
benchmark_puzzles/benchmarks3x3/70/puzzle15.txt,0.36707
benchmark_puzzles/benchmarks3x3/70/puzzle16.txt,0.357877
benchmark_puzzles/benchmarks3x3/70/puzzle17.txt,0.496818
benchmark_puzzles/benchmarks3x3/70/puzzle18.txt,0.477654
benchmark_puzzles/benchmarks3x3/70/puzzle19.txt,0.312803
benchmark_puzzles/benchmarks3x3/70/puzzle2.txt,0.317362
benchmark_puzzles/benchmarks3x3/70/puzzle20.txt,0.415225
benchmark_puzzles/benchmarks3x3/70/puzzle3.txt,0.449128
benchmark_puzzles/benchmarks3x3/70/puzzle4.txt,0.343744
benchmark_puzzles/benchmarks3x3/70/puzzle5.txt,0.460398
benchmark_puzzles/benchmarks3x3/70/puzzle6.txt,0.453426
benchmark_puzzles/benchmarks3x3/70/puzzle7.txt,0.355436
benchmark_puzzles/benchmarks3x3/70/puzzle8.txt,0.500824
benchmark_puzzles/benchmarks3x3/70/puzzle9.txt,0.357701
benchmark_puzzles/benchmarks3x3/75/puzzle1.txt,0.392231
benchmark_puzzles/benchmarks3x3/75/puzzle10.txt,0.456848
benchmark_puzzles/benchmarks3x3/75/puzzle11.txt,0.4907
benchmark_puzzles/benchmarks3x3/75/puzzle12.txt,0.438638
benchmark_puzzles/benchmarks3x3/75/puzzle13.txt,0.383363
benchmark_puzzles/benchmarks3x3/75/puzzle14.txt,0.473392
benchmark_puzzles/benchmarks3x3/75/puzzle15.txt,0.516057
benchmark_puzzles/benchmarks3x3/75/puzzle16.txt,0.488279
benchmark_puzzles/benchmarks3x3/75/puzzle17.txt,0.480276
benchmark_puzzles/benchmarks3x3/75/puzzle18.txt,0.474108
benchmark_puzzles/benchmarks3x3/75/puzzle19.txt,0.44222
benchmark_puzzles/benchmarks3x3/75/puzzle2.txt,0.424463
benchmark_puzzles/benchmarks3x3/75/puzzle20.txt,0.44208
benchmark_puzzles/benchmarks3x3/75/puzzle3.txt,0.414691
benchmark_puzzles/benchmarks3x3/75/puzzle4.txt,0.500035
benchmark_puzzles/benchmarks3x3/75/puzzle5.txt,0.483512
benchmark_puzzles/benchmarks3x3/75/puzzle6.txt,0.446078
benchmark_puzzles/benchmarks3x3/75/puzzle7.txt,0.409439
benchmark_puzzles/benchmarks3x3/75/puzzle8.txt,0.484898
benchmark_puzzles/benchmarks3x3/75/puzzle9.txt,0.547233
benchmark_puzzles/benchmarks3x3/80/puzzle1.txt,0.488695
benchmark_puzzles/benchmarks3x3/80/puzzle10.txt,0.502187
benchmark_puzzles/benchmarks3x3/80/puzzle11.txt,0.437725
benchmark_puzzles/benchmarks3x3/80/puzzle12.txt,0.548767
benchmark_puzzles/benchmarks3x3/80/puzzle13.txt,0.553154
benchmark_puzzles/benchmarks3x3/80/puzzle14.txt,0.493923
benchmark_puzzles/benchmarks3x3/80/puzzle15.txt,0.554428
benchmark_puzzles/benchmarks3x3/80/puzzle16.txt,0.465341
benchmark_puzzles/benchmarks3x3/80/puzzle17.txt,0.614181
benchmark_puzzles/benchmarks3x3/80/puzzle18.txt,0.531125
benchmark_puzzles/benchmarks3x3/80/puzzle19.txt,0.523623
benchmark_puzzles/benchmarks3x3/80/puzzle2.txt,0.470928
benchmark_puzzles/benchmarks3x3/80/puzzle20.txt,0.472342
benchmark_puzzles/benchmarks3x3/80/puzzle3.txt,0.540695
benchmark_puzzles/benchmarks3x3/80/puzzle4.txt,0.470643
benchmark_puzzles/benchmarks3x3/80/puzzle5.txt,0.49322
benchmark_puzzles/benchmarks3x3/80/puzzle6.txt,0.48945
benchmark_puzzles/benchmarks3x3/80/puzzle7.txt,0.344539
benchmark_puzzles/benchmarks3x3/80/puzzle8.txt,0.620209
benchmark_puzzles/benchmarks3x3/80/puzzle9.txt,0.531771
benchmark_puzzles/benchmarks3x3/85/puzzle1.txt,0.492115
benchmark_puzzles/benchmarks3x3/85/puzzle10.txt,0.526665
benchmark_puzzles/benchmarks3x3/85/puzzle11.txt,0.499613
benchmark_puzzles/benchmarks3x3/85/puzzle12.txt,0.543491
benchmark_puzzles/benchmarks3x3/85/puzzle13.txt,0.645185
benchmark_puzzles/benchmarks3x3/85/puzzle14.txt,0.54048
benchmark_puzzles/benchmarks3x3/85/puzzle15.txt,0.618269
benchmark_puzzles/benchmarks3x3/85/puzzle16.txt,0.420852
benchmark_puzzles/benchmarks3x3/85/puzzle17.txt,0.647867
benchmark_puzzles/benchmarks3x3/85/puzzle18.txt,0.556717
benchmark_puzzles/benchmarks3x3/85/puzzle19.txt,0.500659
benchmark_puzzles/benchmarks3x3/85/puzzle2.txt,0.443763
benchmark_puzzles/benchmarks3x3/85/puzzle20.txt,0.592076
benchmark_puzzles/benchmarks3x3/85/puzzle3.txt,0.595139
benchmark_puzzles/benchmarks3x3/85/puzzle4.txt,0.688525
benchmark_puzzles/benchmarks3x3/85/puzzle5.txt,0.67322
benchmark_puzzles/benchmarks3x3/85/puzzle6.txt,0.55197
benchmark_puzzles/benchmarks3x3/85/puzzle7.txt,0.549589
benchmark_puzzles/benchmarks3x3/85/puzzle8.txt,0.700974
benchmark_puzzles/benchmarks3x3/85/puzzle9.txt,0.647566
benchmark_puzzles/benchmarks3x3/90/puzzle1.txt,0.634767
benchmark_puzzles/benchmarks3x3/90/puzzle10.txt,0.698572
benchmark_puzzles/benchmarks3x3/90/puzzle11.txt,0.690499
benchmark_puzzles/benchmarks3x3/90/puzzle12.txt,0.553389
benchmark_puzzles/benchmarks3x3/90/puzzle13.txt,0.715488
benchmark_puzzles/benchmarks3x3/90/puzzle14.txt,0.617708
benchmark_puzzles/benchmarks3x3/90/puzzle15.txt,0.732861
benchmark_puzzles/benchmarks3x3/90/puzzle16.txt,0.634053
benchmark_puzzles/benchmarks3x3/90/puzzle17.txt,0.730847
benchmark_puzzles/benchmarks3x3/90/puzzle18.txt,0.560291
benchmark_puzzles/benchmarks3x3/90/puzzle19.txt,0.553472
benchmark_puzzles/benchmarks3x3/90/puzzle2.txt,0.572824
benchmark_puzzles/benchmarks3x3/90/puzzle20.txt,0.532412
benchmark_puzzles/benchmarks3x3/90/puzzle3.txt,0.680953
benchmark_puzzles/benchmarks3x3/90/puzzle4.txt,0.702352
benchmark_puzzles/benchmarks3x3/90/puzzle5.txt,0.678211
benchmark_puzzles/benchmarks3x3/90/puzzle6.txt,0.521517
benchmark_puzzles/benchmarks3x3/90/puzzle7.txt,0.537974
benchmark_puzzles/benchmarks3x3/90/puzzle8.txt,0.730838
benchmark_puzzles/benchmarks3x3/90/puzzle9.txt,0.635575
benchmark_puzzles/benchmarks3x3/95/puzzle1.txt,0.671986
benchmark_puzzles/benchmarks3x3/95/puzzle10.txt,0.711869
benchmark_puzzles/benchmarks3x3/95/puzzle11.txt,0.732788
benchmark_puzzles/benchmarks3x3/95/puzzle12.txt,0.668009
benchmark_puzzles/benchmarks3x3/95/puzzle13.txt,0.592525
benchmark_puzzles/benchmarks3x3/95/puzzle14.txt,0.717418
benchmark_puzzles/benchmarks3x3/95/puzzle15.txt,0.701446
benchmark_puzzles/benchmarks3x3/95/puzzle16.txt,0.742243
benchmark_puzzles/benchmarks3x3/95/puzzle17.txt,0.691846
benchmark_puzzles/benchmarks3x3/95/puzzle18.txt,0.785029
benchmark_puzzles/benchmarks3x3/95/puzzle19.txt,0.768315
benchmark_puzzles/benchmarks3x3/95/puzzle2.txt,0.724739
benchmark_puzzles/benchmarks3x3/95/puzzle20.txt,0.690584
benchmark_puzzles/benchmarks3x3/95/puzzle3.txt,0.876559
benchmark_puzzles/benchmarks3x3/95/puzzle4.txt,0.63384
benchmark_puzzles/benchmarks3x3/95/puzzle5.txt,0.615239
benchmark_puzzles/benchmarks3x3/95/puzzle6.txt,0.728731
benchmark_puzzles/benchmarks3x3/95/puzzle7.txt,0.643644
benchmark_puzzles/benchmarks3x3/95/puzzle8.txt,0.668919
benchmark_puzzles/benchmarks3x3/95/puzzle9.txt,0.68635
benchmark_puzzles/benchmarks4x4/10/puzzle1.txt,0.002113666666666667
benchmark_puzzles/benchmarks4x4/10/puzzle10.txt,0.004176666666666666
benchmark_puzzles/benchmarks4x4/10/puzzle11.txt,0.002704
benchmark_puzzles/benchmarks4x4/10/puzzle12.txt,0.010301333333333334
benchmark_puzzles/benchmarks4x4/10/puzzle13.txt,0.0017223333333333335
benchmark_puzzles/benchmarks4x4/10/puzzle14.txt,0.004070666666666667
benchmark_puzzles/benchmarks4x4/10/puzzle15.txt,0.001929333333333333
benchmark_puzzles/benchmarks4x4/10/puzzle16.txt,0.002571666666666667
benchmark_puzzles/benchmarks4x4/10/puzzle17.txt,0.005057333333333334
benchmark_puzzles/benchmarks4x4/10/puzzle18.txt,0.0029463333333333334
benchmark_puzzles/benchmarks4x4/10/puzzle19.txt,0.03515866666666667
benchmark_puzzles/benchmarks4x4/10/puzzle2.txt,0.0019270000000000001
benchmark_puzzles/benchmarks4x4/10/puzzle20.txt,0.002423
benchmark_puzzles/benchmarks4x4/10/puzzle3.txt,0.005417333333333333
benchmark_puzzles/benchmarks4x4/10/puzzle4.txt,0.0024906666666666666
benchmark_puzzles/benchmarks4x4/10/puzzle5.txt,0.0020166666666666666
benchmark_puzzles/benchmarks4x4/10/puzzle6.txt,0.0021016666666666666
benchmark_puzzles/benchmarks4x4/10/puzzle7.txt,0.0036159999999999994
benchmark_puzzles/benchmarks4x4/10/puzzle8.txt,0.002796666666666667
benchmark_puzzles/benchmarks4x4/10/puzzle9.txt,0.002047666666666667
benchmark_puzzles/benchmarks4x4/15/puzzle1.txt,0.011387666666666666
benchmark_puzzles/benchmarks4x4/15/puzzle10.txt,0.004248666666666667
benchmark_puzzles/benchmarks4x4/15/puzzle11.txt,0.13601033333333332
benchmark_puzzles/benchmarks4x4/15/puzzle12.txt,0.07039066666666667
benchmark_puzzles/benchmarks4x4/15/puzzle13.txt,0.24774900000000002
benchmark_puzzles/benchmarks4x4/15/puzzle14.txt,0.0017413333333333332
benchmark_puzzles/benchmarks4x4/15/puzzle15.txt,0.07968333333333334
benchmark_puzzles/benchmarks4x4/15/puzzle16.txt,0.013402333333333334
benchmark_puzzles/benchmarks4x4/15/puzzle17.txt,0.011483333333333333
benchmark_puzzles/benchmarks4x4/15/puzzle18.txt,0.287415
benchmark_puzzles/benchmarks4x4/15/puzzle19.txt,0.057690000000000005
benchmark_puzzles/benchmarks4x4/15/puzzle2.txt,0.031253
benchmark_puzzles/benchmarks4x4/15/puzzle20.txt,0.11629066666666664
benchmark_puzzles/benchmarks4x4/15/puzzle3.txt,0.09983933333333334
benchmark_puzzles/benchmarks4x4/15/puzzle4.txt,0.14469766666666667
benchmark_puzzles/benchmarks4x4/15/puzzle5.txt,0.09015
benchmark_puzzles/benchmarks4x4/15/puzzle6.txt,0.03757133333333334
benchmark_puzzles/benchmarks4x4/15/puzzle7.txt,0.004968333333333332
benchmark_puzzles/benchmarks4x4/15/puzzle8.txt,0.25858433333333336
benchmark_puzzles/benchmarks4x4/15/puzzle9.txt,0.008393666666666667
benchmark_puzzles/benchmarks4x4/20/puzzle1.txt,0.120073
benchmark_puzzles/benchmarks4x4/20/puzzle10.txt,0.28537700000000005
benchmark_puzzles/benchmarks4x4/20/puzzle11.txt,0.16839799999999996
benchmark_puzzles/benchmarks4x4/20/puzzle12.txt,0.2394416666666667
benchmark_puzzles/benchmarks4x4/20/puzzle13.txt,0.2068656666666667
benchmark_puzzles/benchmarks4x4/20/puzzle14.txt,0.20390833333333333
benchmark_puzzles/benchmarks4x4/20/puzzle15.txt,0.3184693333333333
benchmark_puzzles/benchmarks4x4/20/puzzle16.txt,0.19123033333333334
benchmark_puzzles/benchmarks4x4/20/puzzle17.txt,0.07722733333333333
benchmark_puzzles/benchmarks4x4/20/puzzle18.txt,0.41273266666666664
benchmark_puzzles/benchmarks4x4/20/puzzle19.txt,0.364548
benchmark_puzzles/benchmarks4x4/20/puzzle2.txt,0.17918833333333334
benchmark_puzzles/benchmarks4x4/20/puzzle20.txt,0.4304836666666667
benchmark_puzzles/benchmarks4x4/20/puzzle3.txt,0.281982
benchmark_puzzles/benchmarks4x4/20/puzzle4.txt,0.3428036666666667
benchmark_puzzles/benchmarks4x4/20/puzzle5.txt,0.04925233333333333
benchmark_puzzles/benchmarks4x4/20/puzzle6.txt,0.20401033333333335
benchmark_puzzles/benchmarks4x4/20/puzzle7.txt,0.5012433333333334
benchmark_puzzles/benchmarks4x4/20/puzzle8.txt,0.15717733333333334
benchmark_puzzles/benchmarks4x4/20/puzzle9.txt,0.22168666666666667
benchmark_puzzles/benchmarks4x4/25/puzzle1.txt,0.6335926666666666
benchmark_puzzles/benchmarks4x4/25/puzzle10.txt,0.32982700000000004
benchmark_puzzles/benchmarks4x4/25/puzzle11.txt,0.4742316666666666
benchmark_puzzles/benchmarks4x4/25/puzzle12.txt,0.7831403333333333
benchmark_puzzles/benchmarks4x4/25/puzzle13.txt,0.6342199999999999
benchmark_puzzles/benchmarks4x4/25/puzzle14.txt,0.3111446666666666
benchmark_puzzles/benchmarks4x4/25/puzzle15.txt,0.12153433333333334
benchmark_puzzles/benchmarks4x4/25/puzzle16.txt,0.4023556666666666
benchmark_puzzles/benchmarks4x4/25/puzzle17.txt,0.35486500000000004
benchmark_puzzles/benchmarks4x4/25/puzzle18.txt,0.25483066666666665
benchmark_puzzles/benchmarks4x4/25/puzzle19.txt,0.2975406666666667
benchmark_puzzles/benchmarks4x4/25/puzzle2.txt,0.11731700000000002
benchmark_puzzles/benchmarks4x4/25/puzzle20.txt,0.5492476666666667
benchmark_puzzles/benchmarks4x4/25/puzzle3.txt,0.30933066666666664
benchmark_puzzles/benchmarks4x4/25/puzzle4.txt,0.5695076666666666
benchmark_puzzles/benchmarks4x4/25/puzzle5.txt,0.495235
benchmark_puzzles/benchmarks4x4/25/puzzle6.txt,1.0226
benchmark_puzzles/benchmarks4x4/25/puzzle7.txt,0.4234736666666667
benchmark_puzzles/benchmarks4x4/25/puzzle8.txt,0.25204166666666666
benchmark_puzzles/benchmarks4x4/25/puzzle9.txt,0.37188933333333335
benchmark_puzzles/benchmarks4x4/30/puzzle1.txt,0.49048966666666666
benchmark_puzzles/benchmarks4x4/30/puzzle10.txt,0.5434366666666667
benchmark_puzzles/benchmarks4x4/30/puzzle11.txt,0.43258066666666667
benchmark_puzzles/benchmarks4x4/30/puzzle12.txt,0.9359270000000001
benchmark_puzzles/benchmarks4x4/30/puzzle13.txt,0.8292966666666666
benchmark_puzzles/benchmarks4x4/30/puzzle14.txt,0.9659743333333333
benchmark_puzzles/benchmarks4x4/30/puzzle15.txt,1.0874516666666667
benchmark_puzzles/benchmarks4x4/30/puzzle16.txt,0.741751
benchmark_puzzles/benchmarks4x4/30/puzzle17.txt,0.444524
benchmark_puzzles/benchmarks4x4/30/puzzle18.txt,0.7220946666666666
benchmark_puzzles/benchmarks4x4/30/puzzle19.txt,0.9106333333333332
benchmark_puzzles/benchmarks4x4/30/puzzle2.txt,0.7159209999999999
benchmark_puzzles/benchmarks4x4/30/puzzle20.txt,0.717719
benchmark_puzzles/benchmarks4x4/30/puzzle3.txt,0.7621309999999999
benchmark_puzzles/benchmarks4x4/30/puzzle4.txt,0.41062033333333336
benchmark_puzzles/benchmarks4x4/30/puzzle5.txt,0.8041816666666667
benchmark_puzzles/benchmarks4x4/30/puzzle6.txt,0.4800913333333333
benchmark_puzzles/benchmarks4x4/30/puzzle7.txt,0.623811
benchmark_puzzles/benchmarks4x4/30/puzzle8.txt,0.43110433333333337
benchmark_puzzles/benchmarks4x4/30/puzzle9.txt,0.38758333333333334
benchmark_puzzles/benchmarks4x4/35/puzzle1.txt,0.9389916666666667
benchmark_puzzles/benchmarks4x4/35/puzzle10.txt,1.4051233333333333
benchmark_puzzles/benchmarks4x4/35/puzzle11.txt,0.765203
benchmark_puzzles/benchmarks4x4/35/puzzle12.txt,0.9468873333333333
benchmark_puzzles/benchmarks4x4/35/puzzle13.txt,1.1725186666666667
benchmark_puzzles/benchmarks4x4/35/puzzle14.txt,1.1602703333333333
benchmark_puzzles/benchmarks4x4/35/puzzle15.txt,0.913493
benchmark_puzzles/benchmarks4x4/35/puzzle16.txt,1.291820333333333
benchmark_puzzles/benchmarks4x4/35/puzzle17.txt,0.8947483333333334
benchmark_puzzles/benchmarks4x4/35/puzzle18.txt,0.7902283333333333
benchmark_puzzles/benchmarks4x4/35/puzzle19.txt,1.2013103333333333
benchmark_puzzles/benchmarks4x4/35/puzzle2.txt,0.8519276666666666
benchmark_puzzles/benchmarks4x4/35/puzzle20.txt,1.2986506666666666
benchmark_puzzles/benchmarks4x4/35/puzzle3.txt,1.0800443333333334
benchmark_puzzles/benchmarks4x4/35/puzzle4.txt,1.0713549999999998
benchmark_puzzles/benchmarks4x4/35/puzzle5.txt,0.8951596666666668
benchmark_puzzles/benchmarks4x4/35/puzzle6.txt,1.0010233333333334
benchmark_puzzles/benchmarks4x4/35/puzzle7.txt,1.0187503333333334
benchmark_puzzles/benchmarks4x4/35/puzzle8.txt,1.1102413333333334
benchmark_puzzles/benchmarks4x4/35/puzzle9.txt,1.243317
benchmark_puzzles/benchmarks4x4/40/puzzle1.txt,1.7161536666666666
benchmark_puzzles/benchmarks4x4/40/puzzle10.txt,2.1904893333333333
benchmark_puzzles/benchmarks4x4/40/puzzle11.txt,1.4728446666666666
benchmark_puzzles/benchmarks4x4/40/puzzle12.txt,1.6063126666666667
benchmark_puzzles/benchmarks4x4/40/puzzle13.txt,1.9192683333333334
benchmark_puzzles/benchmarks4x4/40/puzzle14.txt,1.855788
benchmark_puzzles/benchmarks4x4/40/puzzle15.txt,1.6628423333333335
benchmark_puzzles/benchmarks4x4/40/puzzle16.txt,1.7881283333333333
benchmark_puzzles/benchmarks4x4/40/puzzle17.txt,1.5658666666666663
benchmark_puzzles/benchmarks4x4/40/puzzle18.txt,1.1829486666666666
benchmark_puzzles/benchmarks4x4/40/puzzle19.txt,1.5624543333333334
benchmark_puzzles/benchmarks4x4/40/puzzle2.txt,1.0148320000000002
benchmark_puzzles/benchmarks4x4/40/puzzle20.txt,2.0029126666666666
benchmark_puzzles/benchmarks4x4/40/puzzle3.txt,1.944784
benchmark_puzzles/benchmarks4x4/40/puzzle4.txt,1.8396556666666666
benchmark_puzzles/benchmarks4x4/40/puzzle5.txt,1.6212853333333332
benchmark_puzzles/benchmarks4x4/40/puzzle6.txt,1.3249716666666667
benchmark_puzzles/benchmarks4x4/40/puzzle7.txt,1.111498
benchmark_puzzles/benchmarks4x4/40/puzzle8.txt,1.523059
benchmark_puzzles/benchmarks4x4/40/puzzle9.txt,1.553918666666667
benchmark_puzzles/benchmarks4x4/45/puzzle1.txt,1.5935626666666667
benchmark_puzzles/benchmarks4x4/45/puzzle10.txt,2.2429593333333337
benchmark_puzzles/benchmarks4x4/45/puzzle11.txt,2.0127663333333334
benchmark_puzzles/benchmarks4x4/45/puzzle12.txt,1.9439223333333335
benchmark_puzzles/benchmarks4x4/45/puzzle13.txt,1.6864006666666667
benchmark_puzzles/benchmarks4x4/45/puzzle14.txt,1.9048616666666665
benchmark_puzzles/benchmarks4x4/45/puzzle15.txt,1.790434
benchmark_puzzles/benchmarks4x4/45/puzzle16.txt,2.11594
benchmark_puzzles/benchmarks4x4/45/puzzle17.txt,2.0650983333333333
benchmark_puzzles/benchmarks4x4/45/puzzle18.txt,1.992080333333333
benchmark_puzzles/benchmarks4x4/45/puzzle19.txt,2.1273946666666665
benchmark_puzzles/benchmarks4x4/45/puzzle2.txt,2.7081579999999996
benchmark_puzzles/benchmarks4x4/45/puzzle20.txt,2.0927263333333332
benchmark_puzzles/benchmarks4x4/45/puzzle3.txt,1.7346293333333334
benchmark_puzzles/benchmarks4x4/45/puzzle4.txt,2.2231939999999994
benchmark_puzzles/benchmarks4x4/45/puzzle5.txt,2.1347950000000004
benchmark_puzzles/benchmarks4x4/45/puzzle6.txt,2.6444540000000005
benchmark_puzzles/benchmarks4x4/45/puzzle7.txt,1.8842743333333334
benchmark_puzzles/benchmarks4x4/45/puzzle8.txt,2.625677666666667
benchmark_puzzles/benchmarks4x4/45/puzzle9.txt,2.052191666666667
benchmark_puzzles/benchmarks4x4/5/puzzle1.txt,0.0021866666666666666
benchmark_puzzles/benchmarks4x4/5/puzzle10.txt,0.0019033333333333337
benchmark_puzzles/benchmarks4x4/5/puzzle11.txt,0.0018719999999999997
benchmark_puzzles/benchmarks4x4/5/puzzle12.txt,0.0018079999999999997
benchmark_puzzles/benchmarks4x4/5/puzzle13.txt,0.002178666666666667
benchmark_puzzles/benchmarks4x4/5/puzzle14.txt,0.0021296666666666664
benchmark_puzzles/benchmarks4x4/5/puzzle15.txt,0.0021853333333333334
benchmark_puzzles/benchmarks4x4/5/puzzle16.txt,0.0025383333333333334
benchmark_puzzles/benchmarks4x4/5/puzzle17.txt,0.0024743333333333336
benchmark_puzzles/benchmarks4x4/5/puzzle18.txt,0.001847
benchmark_puzzles/benchmarks4x4/5/puzzle19.txt,0.001638
benchmark_puzzles/benchmarks4x4/5/puzzle2.txt,0.002012333333333333
benchmark_puzzles/benchmarks4x4/5/puzzle20.txt,0.0017679999999999998
benchmark_puzzles/benchmarks4x4/5/puzzle3.txt,0.001614333333333333
benchmark_puzzles/benchmarks4x4/5/puzzle4.txt,0.0020980000000000005
benchmark_puzzles/benchmarks4x4/5/puzzle5.txt,0.001981
benchmark_puzzles/benchmarks4x4/5/puzzle6.txt,0.0012300000000000002
benchmark_puzzles/benchmarks4x4/5/puzzle7.txt,0.0010603333333333333
benchmark_puzzles/benchmarks4x4/5/puzzle8.txt,0.0020770000000000003
benchmark_puzzles/benchmarks4x4/5/puzzle9.txt,0.0023933333333333333
benchmark_puzzles/benchmarks4x4/50/puzzle10.txt,2.872131333333334
benchmark_puzzles/benchmarks4x4/50/puzzle11.txt,3.0344906666666667
benchmark_puzzles/benchmarks4x4/50/puzzle13.txt,2.8994336666666665
benchmark_puzzles/benchmarks4x4/50/puzzle14.txt,3.1386453333333333
benchmark_puzzles/benchmarks4x4/50/puzzle15.txt,2.982813666666667
benchmark_puzzles/benchmarks4x4/50/puzzle16.txt,2.9773496666666666
benchmark_puzzles/benchmarks4x4/50/puzzle17.txt,3.1702519999999996
benchmark_puzzles/benchmarks4x4/50/puzzle18.txt,3.0737623333333333
benchmark_puzzles/benchmarks4x4/50/puzzle19.txt,3.686158666666666
benchmark_puzzles/benchmarks4x4/50/puzzle2.txt,2.48993
benchmark_puzzles/benchmarks4x4/50/puzzle20.txt,2.9084856666666665
benchmark_puzzles/benchmarks4x4/50/puzzle3.txt,2.5479299999999996
benchmark_puzzles/benchmarks4x4/50/puzzle4.txt,2.8134946666666667
benchmark_puzzles/benchmarks4x4/50/puzzle5.txt,2.8092923333333335
benchmark_puzzles/benchmarks4x4/50/puzzle6.txt,3.5599426666666667
benchmark_puzzles/benchmarks4x4/50/puzzle7.txt,3.673105333333334
benchmark_puzzles/benchmarks4x4/50/puzzle8.txt,4.248381666666666
benchmark_puzzles/benchmarks4x4/50/puzzle9.txt,3.260641666666667
benchmark_puzzles/benchmarks4x4/55/puzzle1.txt,3.817332333333333
benchmark_puzzles/benchmarks4x4/55/puzzle10.txt,3.3041490000000002
benchmark_puzzles/benchmarks4x4/55/puzzle11.txt,4.176448000000001
benchmark_puzzles/benchmarks4x4/55/puzzle12.txt,5.039041666666666
benchmark_puzzles/benchmarks4x4/55/puzzle13.txt,4.302801333333333
benchmark_puzzles/benchmarks4x4/55/puzzle14.txt,3.602269333333333
benchmark_puzzles/benchmarks4x4/55/puzzle16.txt,2.8652626666666663
benchmark_puzzles/benchmarks4x4/55/puzzle17.txt,3.7456693333333337
benchmark_puzzles/benchmarks4x4/55/puzzle18.txt,4.283329
benchmark_puzzles/benchmarks4x4/55/puzzle2.txt,3.2355143333333336
benchmark_puzzles/benchmarks4x4/55/puzzle20.txt,3.337877333333333
benchmark_puzzles/benchmarks4x4/55/puzzle4.txt,4.450202
benchmark_puzzles/benchmarks4x4/55/puzzle5.txt,3.841049333333333
benchmark_puzzles/benchmarks4x4/55/puzzle7.txt,2.6987353333333335
benchmark_puzzles/benchmarks4x4/55/puzzle8.txt,2.2199323333333334
benchmark_puzzles/benchmarks4x4/55/puzzle9.txt,4.696819333333334
benchmark_puzzles/benchmarks4x4/60/puzzle10.txt,4.459642333333333
benchmark_puzzles/benchmarks4x4/60/puzzle13.txt,5.75306
benchmark_puzzles/benchmarks4x4/60/puzzle14.txt,5.888755333333332
benchmark_puzzles/benchmarks4x4/60/puzzle15.txt,6.622602
benchmark_puzzles/benchmarks4x4/60/puzzle16.txt,4.1544089999999985
benchmark_puzzles/benchmarks4x4/60/puzzle17.txt,5.119289333333333
benchmark_puzzles/benchmarks4x4/60/puzzle18.txt,6.128454666666666
benchmark_puzzles/benchmarks4x4/60/puzzle20.txt,4.009186333333334
benchmark_puzzles/benchmarks4x4/60/puzzle3.txt,5.494845333333333
benchmark_puzzles/benchmarks4x4/60/puzzle4.txt,3.307881666666667
benchmark_puzzles/benchmarks4x4/60/puzzle5.txt,3.130273
benchmark_puzzles/benchmarks4x4/60/puzzle6.txt,4.790677333333333
benchmark_puzzles/benchmarks4x4/60/puzzle7.txt,6.848097333333333
benchmark_puzzles/benchmarks4x4/60/puzzle8.txt,5.768844333333334
benchmark_puzzles/benchmarks4x4/60/puzzle9.txt,4.778165666666666
benchmark_puzzles/benchmarks4x4/65/puzzle1.txt,6.227698333333333
benchmark_puzzles/benchmarks4x4/65/puzzle10.txt,5.972354666666667
benchmark_puzzles/benchmarks4x4/65/puzzle11.txt,6.572582999999999
benchmark_puzzles/benchmarks4x4/65/puzzle12.txt,7.266696333333333
benchmark_puzzles/benchmarks4x4/65/puzzle13.txt,6.230872333333333
benchmark_puzzles/benchmarks4x4/65/puzzle14.txt,5.932196666666666
benchmark_puzzles/benchmarks4x4/65/puzzle16.txt,7.443950000000001
benchmark_puzzles/benchmarks4x4/65/puzzle17.txt,5.724696333333333
benchmark_puzzles/benchmarks4x4/65/puzzle18.txt,7.126113333333333
benchmark_puzzles/benchmarks4x4/65/puzzle19.txt,6.805786666666666
benchmark_puzzles/benchmarks4x4/65/puzzle2.txt,4.896593666666667
benchmark_puzzles/benchmarks4x4/65/puzzle20.txt,6.191761
benchmark_puzzles/benchmarks4x4/65/puzzle3.txt,5.570695000000001
benchmark_puzzles/benchmarks4x4/65/puzzle4.txt,5.407916666666666
benchmark_puzzles/benchmarks4x4/65/puzzle5.txt,5.674047999999999
benchmark_puzzles/benchmarks4x4/65/puzzle6.txt,5.746763333333334
benchmark_puzzles/benchmarks4x4/65/puzzle7.txt,6.378082000000001
benchmark_puzzles/benchmarks4x4/65/puzzle8.txt,6.884711333333333
benchmark_puzzles/benchmarks4x4/70/puzzle1.txt,7.104680999999999
benchmark_puzzles/benchmarks4x4/70/puzzle10.txt,6.5486423333333335
benchmark_puzzles/benchmarks4x4/70/puzzle11.txt,6.420295666666666
benchmark_puzzles/benchmarks4x4/70/puzzle12.txt,6.541518333333333
benchmark_puzzles/benchmarks4x4/70/puzzle13.txt,6.992644666666666
benchmark_puzzles/benchmarks4x4/70/puzzle14.txt,6.471335333333333
benchmark_puzzles/benchmarks4x4/70/puzzle15.txt,7.276114000000001
benchmark_puzzles/benchmarks4x4/70/puzzle16.txt,7.406688333333333
benchmark_puzzles/benchmarks4x4/70/puzzle17.txt,8.280669333333332
benchmark_puzzles/benchmarks4x4/70/puzzle18.txt,5.887457666666666
benchmark_puzzles/benchmarks4x4/70/puzzle19.txt,5.9285673333333335
benchmark_puzzles/benchmarks4x4/70/puzzle2.txt,7.276559333333334
benchmark_puzzles/benchmarks4x4/70/puzzle3.txt,7.847601999999999
benchmark_puzzles/benchmarks4x4/70/puzzle4.txt,6.77322
benchmark_puzzles/benchmarks4x4/70/puzzle5.txt,6.924593000000001
benchmark_puzzles/benchmarks4x4/70/puzzle6.txt,7.860054666666667
benchmark_puzzles/benchmarks4x4/70/puzzle7.txt,6.088851000000001
benchmark_puzzles/benchmarks4x4/70/puzzle8.txt,6.410419999999999
benchmark_puzzles/benchmarks4x4/70/puzzle9.txt,6.345953666666666
benchmark_puzzles/benchmarks4x4/75/puzzle1.txt,7.4936630000000015
benchmark_puzzles/benchmarks4x4/75/puzzle10.txt,7.037512333333334
benchmark_puzzles/benchmarks4x4/75/puzzle11.txt,6.557773999999999
benchmark_puzzles/benchmarks4x4/75/puzzle12.txt,6.735554
benchmark_puzzles/benchmarks4x4/75/puzzle13.txt,6.865281333333333
benchmark_puzzles/benchmarks4x4/75/puzzle14.txt,8.459325333333332
benchmark_puzzles/benchmarks4x4/75/puzzle15.txt,8.140569999999999
benchmark_puzzles/benchmarks4x4/75/puzzle16.txt,8.127543
benchmark_puzzles/benchmarks4x4/75/puzzle17.txt,8.298395333333335
benchmark_puzzles/benchmarks4x4/75/puzzle18.txt,8.357420333333332
benchmark_puzzles/benchmarks4x4/75/puzzle19.txt,7.897916333333334
benchmark_puzzles/benchmarks4x4/75/puzzle2.txt,8.809726000000001
benchmark_puzzles/benchmarks4x4/75/puzzle20.txt,7.648276999999999
benchmark_puzzles/benchmarks4x4/75/puzzle3.txt,6.988276666666665
benchmark_puzzles/benchmarks4x4/75/puzzle4.txt,7.179615333333333
benchmark_puzzles/benchmarks4x4/75/puzzle5.txt,7.134374
benchmark_puzzles/benchmarks4x4/75/puzzle6.txt,8.227757666666667
benchmark_puzzles/benchmarks4x4/75/puzzle7.txt,7.607513999999999
benchmark_puzzles/benchmarks4x4/75/puzzle8.txt,8.076219666666667
benchmark_puzzles/benchmarks4x4/75/puzzle9.txt,8.899106666666666
benchmark_puzzles/benchmarks4x4/80/puzzle1.txt,9.012018
benchmark_puzzles/benchmarks4x4/80/puzzle10.txt,8.147026333333335
benchmark_puzzles/benchmarks4x4/80/puzzle11.txt,9.177815
benchmark_puzzles/benchmarks4x4/80/puzzle12.txt,8.751918666666668
benchmark_puzzles/benchmarks4x4/80/puzzle13.txt,8.122830333333333
benchmark_puzzles/benchmarks4x4/80/puzzle14.txt,8.170396000000002
benchmark_puzzles/benchmarks4x4/80/puzzle15.txt,7.598452333333333
benchmark_puzzles/benchmarks4x4/80/puzzle16.txt,8.047032
benchmark_puzzles/benchmarks4x4/80/puzzle17.txt,10.745909333333335
benchmark_puzzles/benchmarks4x4/80/puzzle18.txt,8.937739666666666
benchmark_puzzles/benchmarks4x4/80/puzzle19.txt,8.264366
benchmark_puzzles/benchmarks4x4/80/puzzle2.txt,9.776187666666667
benchmark_puzzles/benchmarks4x4/80/puzzle20.txt,8.001453666666668
benchmark_puzzles/benchmarks4x4/80/puzzle3.txt,8.014357666666664
benchmark_puzzles/benchmarks4x4/80/puzzle4.txt,9.192587333333334
benchmark_puzzles/benchmarks4x4/80/puzzle5.txt,8.563066666666666
benchmark_puzzles/benchmarks4x4/80/puzzle6.txt,9.461520666666667
benchmark_puzzles/benchmarks4x4/80/puzzle7.txt,7.265579333333335
benchmark_puzzles/benchmarks4x4/80/puzzle8.txt,7.710858
benchmark_puzzles/benchmarks4x4/80/puzzle9.txt,8.995183666666666
benchmark_puzzles/benchmarks4x4/85/puzzle1.txt,8.793000333333334
benchmark_puzzles/benchmarks4x4/85/puzzle10.txt,8.8304965
benchmark_puzzles/benchmarks4x4/85/puzzle11.txt,9.80146
benchmark_puzzles/benchmarks4x4/85/puzzle12.txt,8.890919
benchmark_puzzles/benchmarks4x4/85/puzzle13.txt,8.947244999999999
benchmark_puzzles/benchmarks4x4/85/puzzle14.txt,8.837731999999999
benchmark_puzzles/benchmarks4x4/85/puzzle15.txt,9.177646
benchmark_puzzles/benchmarks4x4/85/puzzle16.txt,9.182226
benchmark_puzzles/benchmarks4x4/85/puzzle17.txt,10.1882845
benchmark_puzzles/benchmarks4x4/85/puzzle18.txt,10.395987
benchmark_puzzles/benchmarks4x4/85/puzzle19.txt,9.564174
benchmark_puzzles/benchmarks4x4/85/puzzle2.txt,10.164699333333333
benchmark_puzzles/benchmarks4x4/85/puzzle20.txt,9.0028285
benchmark_puzzles/benchmarks4x4/85/puzzle3.txt,9.406509
benchmark_puzzles/benchmarks4x4/85/puzzle4.txt,10.249720333333332
benchmark_puzzles/benchmarks4x4/85/puzzle5.txt,8.506645
benchmark_puzzles/benchmarks4x4/85/puzzle6.txt,9.372466333333332
benchmark_puzzles/benchmarks4x4/85/puzzle7.txt,9.026702
benchmark_puzzles/benchmarks4x4/85/puzzle8.txt,9.353983666666668
benchmark_puzzles/benchmarks4x4/85/puzzle9.txt,9.182143
benchmark_puzzles/benchmarks4x4/90/puzzle1.txt,10.006017
benchmark_puzzles/benchmarks4x4/90/puzzle10.txt,9.777400499999999
benchmark_puzzles/benchmarks4x4/90/puzzle11.txt,10.742043500000001
benchmark_puzzles/benchmarks4x4/90/puzzle12.txt,11.625719
benchmark_puzzles/benchmarks4x4/90/puzzle13.txt,10.376572
benchmark_puzzles/benchmarks4x4/90/puzzle14.txt,9.19386
benchmark_puzzles/benchmarks4x4/90/puzzle15.txt,10.248025
benchmark_puzzles/benchmarks4x4/90/puzzle16.txt,10.513387999999999
benchmark_puzzles/benchmarks4x4/90/puzzle17.txt,9.985716
benchmark_puzzles/benchmarks4x4/90/puzzle18.txt,11.573287
benchmark_puzzles/benchmarks4x4/90/puzzle19.txt,11.463073
benchmark_puzzles/benchmarks4x4/90/puzzle2.txt,9.972641
benchmark_puzzles/benchmarks4x4/90/puzzle20.txt,10.1402885
benchmark_puzzles/benchmarks4x4/90/puzzle3.txt,10.8425525
benchmark_puzzles/benchmarks4x4/90/puzzle4.txt,10.115330499999999
benchmark_puzzles/benchmarks4x4/90/puzzle5.txt,10.133878500000002
benchmark_puzzles/benchmarks4x4/90/puzzle6.txt,9.9277275
benchmark_puzzles/benchmarks4x4/90/puzzle7.txt,10.0401125
benchmark_puzzles/benchmarks4x4/90/puzzle8.txt,11.1130585
benchmark_puzzles/benchmarks4x4/90/puzzle9.txt,10.743017
benchmark_puzzles/benchmarks4x4/95/puzzle1.txt,11.191509
benchmark_puzzles/benchmarks4x4/95/puzzle10.txt,11.80198
benchmark_puzzles/benchmarks4x4/95/puzzle11.txt,10.603458499999999
benchmark_puzzles/benchmarks4x4/95/puzzle12.txt,10.0927155
benchmark_puzzles/benchmarks4x4/95/puzzle13.txt,11.857979
benchmark_puzzles/benchmarks4x4/95/puzzle14.txt,12.678376
benchmark_puzzles/benchmarks4x4/95/puzzle15.txt,12.3953065
benchmark_puzzles/benchmarks4x4/95/puzzle16.txt,11.395618499999998
benchmark_puzzles/benchmarks4x4/95/puzzle17.txt,10.807214499999999
benchmark_puzzles/benchmarks4x4/95/puzzle18.txt,11.477248
benchmark_puzzles/benchmarks4x4/95/puzzle19.txt,13.015608
benchmark_puzzles/benchmarks4x4/95/puzzle2.txt,10.296083
benchmark_puzzles/benchmarks4x4/95/puzzle20.txt,12.0077605
benchmark_puzzles/benchmarks4x4/95/puzzle3.txt,11.87522
benchmark_puzzles/benchmarks4x4/95/puzzle4.txt,11.655383
benchmark_puzzles/benchmarks4x4/95/puzzle5.txt,11.798285
benchmark_puzzles/benchmarks4x4/95/puzzle6.txt,11.414866
benchmark_puzzles/benchmarks4x4/95/puzzle7.txt,11.29542
benchmark_puzzles/benchmarks4x4/95/puzzle8.txt,12.0986765
benchmark_puzzles/benchmarks4x4/95/puzzle9.txt,11.805747
benchmark_puzzles/benchmarks5x5/10/puzzle1.txt,0.4652385
benchmark_puzzles/benchmarks5x5/10/puzzle10.txt,0.596473
benchmark_puzzles/benchmarks5x5/10/puzzle11.txt,0.534312
benchmark_puzzles/benchmarks5x5/10/puzzle12.txt,0.5902485
benchmark_puzzles/benchmarks5x5/10/puzzle13.txt,0.567677
benchmark_puzzles/benchmarks5x5/10/puzzle14.txt,0.662733
benchmark_puzzles/benchmarks5x5/10/puzzle15.txt,0.664935
benchmark_puzzles/benchmarks5x5/10/puzzle16.txt,0.719438
benchmark_puzzles/benchmarks5x5/10/puzzle17.txt,0.4434665
benchmark_puzzles/benchmarks5x5/10/puzzle18.txt,0.5578595
benchmark_puzzles/benchmarks5x5/10/puzzle19.txt,0.577475
benchmark_puzzles/benchmarks5x5/10/puzzle2.txt,0.5595075
benchmark_puzzles/benchmarks5x5/10/puzzle20.txt,0.4391855
benchmark_puzzles/benchmarks5x5/10/puzzle3.txt,0.47854149999999995
benchmark_puzzles/benchmarks5x5/10/puzzle4.txt,0.5669385
benchmark_puzzles/benchmarks5x5/10/puzzle5.txt,0.481105
benchmark_puzzles/benchmarks5x5/10/puzzle6.txt,0.5038575
benchmark_puzzles/benchmarks5x5/10/puzzle7.txt,0.5976855
benchmark_puzzles/benchmarks5x5/10/puzzle8.txt,0.58811
benchmark_puzzles/benchmarks5x5/10/puzzle9.txt,0.5647285
benchmark_puzzles/benchmarks5x5/15/puzzle1.txt,1.509915
benchmark_puzzles/benchmarks5x5/15/puzzle10.txt,1.1591855
benchmark_puzzles/benchmarks5x5/15/puzzle11.txt,0.987951
benchmark_puzzles/benchmarks5x5/15/puzzle12.txt,1.575944
benchmark_puzzles/benchmarks5x5/15/puzzle13.txt,1.4579485
benchmark_puzzles/benchmarks5x5/15/puzzle14.txt,1.56622
benchmark_puzzles/benchmarks5x5/15/puzzle15.txt,1.4004720000000002
benchmark_puzzles/benchmarks5x5/15/puzzle16.txt,1.3759345
benchmark_puzzles/benchmarks5x5/15/puzzle17.txt,1.988742
benchmark_puzzles/benchmarks5x5/15/puzzle18.txt,1.4098644999999999
benchmark_puzzles/benchmarks5x5/15/puzzle19.txt,1.1824474999999999
benchmark_puzzles/benchmarks5x5/15/puzzle2.txt,1.3243165000000001
benchmark_puzzles/benchmarks5x5/15/puzzle20.txt,1.5951195
benchmark_puzzles/benchmarks5x5/15/puzzle3.txt,1.230852
benchmark_puzzles/benchmarks5x5/15/puzzle4.txt,1.5096785000000001
benchmark_puzzles/benchmarks5x5/15/puzzle5.txt,1.2908309999999998
benchmark_puzzles/benchmarks5x5/15/puzzle6.txt,1.560355
benchmark_puzzles/benchmarks5x5/15/puzzle7.txt,1.596449
benchmark_puzzles/benchmarks5x5/15/puzzle8.txt,1.402656
benchmark_puzzles/benchmarks5x5/15/puzzle9.txt,1.620657
benchmark_puzzles/benchmarks5x5/20/puzzle1.txt,2.4715249999999997
benchmark_puzzles/benchmarks5x5/20/puzzle10.txt,1.978592
benchmark_puzzles/benchmarks5x5/20/puzzle11.txt,1.786994
benchmark_puzzles/benchmarks5x5/20/puzzle12.txt,2.261248
benchmark_puzzles/benchmarks5x5/20/puzzle13.txt,2.674299
benchmark_puzzles/benchmarks5x5/20/puzzle14.txt,2.0425925
benchmark_puzzles/benchmarks5x5/20/puzzle15.txt,2.653125
benchmark_puzzles/benchmarks5x5/20/puzzle16.txt,1.8523800000000001
benchmark_puzzles/benchmarks5x5/20/puzzle17.txt,2.4333685000000003
benchmark_puzzles/benchmarks5x5/20/puzzle18.txt,2.2664144999999998
benchmark_puzzles/benchmarks5x5/20/puzzle19.txt,2.3380605
benchmark_puzzles/benchmarks5x5/20/puzzle2.txt,2.401189
benchmark_puzzles/benchmarks5x5/20/puzzle20.txt,2.354822
benchmark_puzzles/benchmarks5x5/20/puzzle3.txt,2.582958
benchmark_puzzles/benchmarks5x5/20/puzzle4.txt,1.985052
benchmark_puzzles/benchmarks5x5/20/puzzle5.txt,2.5983555000000003
benchmark_puzzles/benchmarks5x5/20/puzzle6.txt,2.2330105
benchmark_puzzles/benchmarks5x5/20/puzzle7.txt,2.030665
benchmark_puzzles/benchmarks5x5/20/puzzle8.txt,2.4150195
benchmark_puzzles/benchmarks5x5/20/puzzle9.txt,1.979298
benchmark_puzzles/benchmarks5x5/25/puzzle1.txt,4.247684
benchmark_puzzles/benchmarks5x5/25/puzzle10.txt,3.9794094999999996
benchmark_puzzles/benchmarks5x5/25/puzzle11.txt,3.9369955
benchmark_puzzles/benchmarks5x5/25/puzzle12.txt,3.4316310000000003
benchmark_puzzles/benchmarks5x5/25/puzzle13.txt,3.9597860000000003
benchmark_puzzles/benchmarks5x5/25/puzzle14.txt,4.0150105
benchmark_puzzles/benchmarks5x5/25/puzzle15.txt,3.8166974999999996
benchmark_puzzles/benchmarks5x5/25/puzzle16.txt,3.1407214999999997
benchmark_puzzles/benchmarks5x5/25/puzzle17.txt,3.4868255
benchmark_puzzles/benchmarks5x5/25/puzzle18.txt,3.982111
benchmark_puzzles/benchmarks5x5/25/puzzle19.txt,3.9920989999999996
benchmark_puzzles/benchmarks5x5/25/puzzle2.txt,4.1903905
benchmark_puzzles/benchmarks5x5/25/puzzle20.txt,3.1192395
benchmark_puzzles/benchmarks5x5/25/puzzle3.txt,3.3604825
benchmark_puzzles/benchmarks5x5/25/puzzle4.txt,4.0204945
benchmark_puzzles/benchmarks5x5/25/puzzle5.txt,3.9415925
benchmark_puzzles/benchmarks5x5/25/puzzle6.txt,4.027618
benchmark_puzzles/benchmarks5x5/25/puzzle7.txt,3.8960965000000005
benchmark_puzzles/benchmarks5x5/25/puzzle8.txt,4.2897605
benchmark_puzzles/benchmarks5x5/25/puzzle9.txt,3.969645
benchmark_puzzles/benchmarks5x5/30/puzzle1.txt,6.649060499999999
benchmark_puzzles/benchmarks5x5/30/puzzle10.txt,6.3919535
benchmark_puzzles/benchmarks5x5/30/puzzle11.txt,6.4847125
benchmark_puzzles/benchmarks5x5/30/puzzle12.txt,6.569015
benchmark_puzzles/benchmarks5x5/30/puzzle13.txt,6.9063205
benchmark_puzzles/benchmarks5x5/30/puzzle14.txt,7.299637
benchmark_puzzles/benchmarks5x5/30/puzzle15.txt,7.326485
benchmark_puzzles/benchmarks5x5/30/puzzle16.txt,6.4279335
benchmark_puzzles/benchmarks5x5/30/puzzle17.txt,6.6227095
benchmark_puzzles/benchmarks5x5/30/puzzle18.txt,5.0896349999999995
benchmark_puzzles/benchmarks5x5/30/puzzle19.txt,5.565191
benchmark_puzzles/benchmarks5x5/30/puzzle2.txt,6.1632245
benchmark_puzzles/benchmarks5x5/30/puzzle20.txt,6.446126
benchmark_puzzles/benchmarks5x5/30/puzzle3.txt,5.362666
benchmark_puzzles/benchmarks5x5/30/puzzle4.txt,5.9310365
benchmark_puzzles/benchmarks5x5/30/puzzle5.txt,7.1105564999999995
benchmark_puzzles/benchmarks5x5/30/puzzle6.txt,7.2108425
benchmark_puzzles/benchmarks5x5/30/puzzle7.txt,6.6772075
benchmark_puzzles/benchmarks5x5/30/puzzle8.txt,6.588486
benchmark_puzzles/benchmarks5x5/30/puzzle9.txt,6.8802115
benchmark_puzzles/benchmarks5x5/35/puzzle1.txt,8.1203465
benchmark_puzzles/benchmarks5x5/35/puzzle10.txt,7.5666805
benchmark_puzzles/benchmarks5x5/35/puzzle11.txt,7.2213270000000005
benchmark_puzzles/benchmarks5x5/35/puzzle12.txt,9.142710000000001
benchmark_puzzles/benchmarks5x5/35/puzzle13.txt,7.7728965
benchmark_puzzles/benchmarks5x5/35/puzzle14.txt,7.5286475
benchmark_puzzles/benchmarks5x5/35/puzzle15.txt,9.400648
benchmark_puzzles/benchmarks5x5/35/puzzle16.txt,8.9662285
benchmark_puzzles/benchmarks5x5/35/puzzle17.txt,7.522024
benchmark_puzzles/benchmarks5x5/35/puzzle18.txt,8.200813
benchmark_puzzles/benchmarks5x5/35/puzzle19.txt,7.552769
benchmark_puzzles/benchmarks5x5/35/puzzle2.txt,7.9900985
benchmark_puzzles/benchmarks5x5/35/puzzle20.txt,7.6009505
benchmark_puzzles/benchmarks5x5/35/puzzle3.txt,8.360994999999999
benchmark_puzzles/benchmarks5x5/35/puzzle4.txt,8.512131499999999
benchmark_puzzles/benchmarks5x5/35/puzzle5.txt,8.366264000000001
benchmark_puzzles/benchmarks5x5/35/puzzle6.txt,9.755884
benchmark_puzzles/benchmarks5x5/35/puzzle7.txt,9.3259475
benchmark_puzzles/benchmarks5x5/35/puzzle8.txt,8.268789
benchmark_puzzles/benchmarks5x5/35/puzzle9.txt,8.652232
benchmark_puzzles/benchmarks5x5/40/puzzle1.txt,11.3123015
benchmark_puzzles/benchmarks5x5/40/puzzle10.txt,12.646665500000001
benchmark_puzzles/benchmarks5x5/40/puzzle11.txt,11.393658
benchmark_puzzles/benchmarks5x5/40/puzzle12.txt,11.477923
benchmark_puzzles/benchmarks5x5/40/puzzle13.txt,10.9702095
benchmark_puzzles/benchmarks5x5/40/puzzle14.txt,12.493915999999999
benchmark_puzzles/benchmarks5x5/40/puzzle15.txt,12.699504
benchmark_puzzles/benchmarks5x5/40/puzzle16.txt,12.000160000000001
benchmark_puzzles/benchmarks5x5/40/puzzle17.txt,12.2196055
benchmark_puzzles/benchmarks5x5/40/puzzle18.txt,11.20425
benchmark_puzzles/benchmarks5x5/40/puzzle19.txt,10.867588
benchmark_puzzles/benchmarks5x5/40/puzzle2.txt,11.517588
benchmark_puzzles/benchmarks5x5/40/puzzle20.txt,11.085932499999998
benchmark_puzzles/benchmarks5x5/40/puzzle3.txt,11.448281999999999
benchmark_puzzles/benchmarks5x5/40/puzzle4.txt,12.320598
benchmark_puzzles/benchmarks5x5/40/puzzle5.txt,11.39058
benchmark_puzzles/benchmarks5x5/40/puzzle6.txt,12.126535
benchmark_puzzles/benchmarks5x5/40/puzzle7.txt,11.348426499999999
benchmark_puzzles/benchmarks5x5/40/puzzle8.txt,10.461056500000002
benchmark_puzzles/benchmarks5x5/40/puzzle9.txt,12.737334
benchmark_puzzles/benchmarks5x5/45/puzzle1.txt,13.637666999999999
benchmark_puzzles/benchmarks5x5/45/puzzle10.txt,14.0875635
benchmark_puzzles/benchmarks5x5/45/puzzle11.txt,15.220771
benchmark_puzzles/benchmarks5x5/45/puzzle12.txt,14.248252
benchmark_puzzles/benchmarks5x5/45/puzzle13.txt,17.153524
benchmark_puzzles/benchmarks5x5/45/puzzle14.txt,15.344177
benchmark_puzzles/benchmarks5x5/45/puzzle15.txt,14.230267000000001
benchmark_puzzles/benchmarks5x5/45/puzzle16.txt,14.2815905
benchmark_puzzles/benchmarks5x5/45/puzzle17.txt,15.336877
benchmark_puzzles/benchmarks5x5/45/puzzle18.txt,15.142913
benchmark_puzzles/benchmarks5x5/45/puzzle19.txt,14.582340000000002
benchmark_puzzles/benchmarks5x5/45/puzzle2.txt,15.0052345
benchmark_puzzles/benchmarks5x5/45/puzzle20.txt,13.668316
benchmark_puzzles/benchmarks5x5/45/puzzle3.txt,16.2689035
benchmark_puzzles/benchmarks5x5/45/puzzle4.txt,14.3788965
benchmark_puzzles/benchmarks5x5/45/puzzle5.txt,15.3618165
benchmark_puzzles/benchmarks5x5/45/puzzle6.txt,14.511342500000001
benchmark_puzzles/benchmarks5x5/45/puzzle7.txt,15.326565
benchmark_puzzles/benchmarks5x5/45/puzzle8.txt,15.171273499999998
benchmark_puzzles/benchmarks5x5/45/puzzle9.txt,16.745355500000002
benchmark_puzzles/benchmarks5x5/5/puzzle1.txt,0.0040575
benchmark_puzzles/benchmarks5x5/5/puzzle10.txt,0.0034410000000000005
benchmark_puzzles/benchmarks5x5/5/puzzle11.txt,0.0044395
benchmark_puzzles/benchmarks5x5/5/puzzle12.txt,0.0057269999999999995
benchmark_puzzles/benchmarks5x5/5/puzzle13.txt,0.003333
benchmark_puzzles/benchmarks5x5/5/puzzle14.txt,0.002931
benchmark_puzzles/benchmarks5x5/5/puzzle15.txt,0.0033355
benchmark_puzzles/benchmarks5x5/5/puzzle16.txt,0.0036379999999999997
benchmark_puzzles/benchmarks5x5/5/puzzle17.txt,0.0380085
benchmark_puzzles/benchmarks5x5/5/puzzle18.txt,0.005585
benchmark_puzzles/benchmarks5x5/5/puzzle19.txt,0.0042395
benchmark_puzzles/benchmarks5x5/5/puzzle2.txt,0.002988
benchmark_puzzles/benchmarks5x5/5/puzzle20.txt,0.0060415
benchmark_puzzles/benchmarks5x5/5/puzzle3.txt,0.003972
benchmark_puzzles/benchmarks5x5/5/puzzle4.txt,0.0029845
benchmark_puzzles/benchmarks5x5/5/puzzle5.txt,0.0041675
benchmark_puzzles/benchmarks5x5/5/puzzle6.txt,0.005785
benchmark_puzzles/benchmarks5x5/5/puzzle7.txt,0.0040345
benchmark_puzzles/benchmarks5x5/5/puzzle8.txt,0.004607
benchmark_puzzles/benchmarks5x5/5/puzzle9.txt,0.005455000000000001
benchmark_puzzles/benchmarks5x5/50/puzzle1.txt,19.604818
benchmark_puzzles/benchmarks5x5/50/puzzle10.txt,20.8416055
benchmark_puzzles/benchmarks5x5/50/puzzle11.txt,24.052704000000002
benchmark_puzzles/benchmarks5x5/50/puzzle12.txt,21.938446
benchmark_puzzles/benchmarks5x5/50/puzzle13.txt,18.907210499999998
benchmark_puzzles/benchmarks5x5/50/puzzle14.txt,22.338200999999998
benchmark_puzzles/benchmarks5x5/50/puzzle15.txt,25.553179999999998
benchmark_puzzles/benchmarks5x5/50/puzzle16.txt,20.232754
benchmark_puzzles/benchmarks5x5/50/puzzle17.txt,21.9979175
benchmark_puzzles/benchmarks5x5/50/puzzle18.txt,20.650594499999997
benchmark_puzzles/benchmarks5x5/50/puzzle2.txt,23.932604
benchmark_puzzles/benchmarks5x5/50/puzzle20.txt,21.834147
benchmark_puzzles/benchmarks5x5/50/puzzle3.txt,20.477280999999998
benchmark_puzzles/benchmarks5x5/50/puzzle4.txt,21.548944
benchmark_puzzles/benchmarks5x5/50/puzzle5.txt,21.1515575
benchmark_puzzles/benchmarks5x5/50/puzzle6.txt,18.273437
benchmark_puzzles/benchmarks5x5/50/puzzle7.txt,17.7593805
benchmark_puzzles/benchmarks5x5/50/puzzle8.txt,19.901857999999997
benchmark_puzzles/benchmarks5x5/50/puzzle9.txt,20.3445015
benchmark_puzzles/benchmarks5x5/55/puzzle4.txt,27.2945815
benchmark_puzzles/benchmarks5x5/60/puzzle14.txt,46.703593
benchmark_puzzles/benchmarks5x5/60/puzzle17.txt,46.656192
benchmark_puzzles/benchmarks5x5/60/puzzle18.txt,50.854352
benchmark_puzzles/benchmarks5x5/60/puzzle19.txt,47.248672
benchmark_puzzles/benchmarks5x5/60/puzzle20.txt,50.231836
benchmark_puzzles/benchmarks5x5/65/puzzle1.txt,59.321672
benchmark_puzzles/benchmarks5x5/65/puzzle13.txt,50.046246
benchmark_puzzles/benchmarks5x5/65/puzzle15.txt,55.163704
benchmark_puzzles/benchmarks5x5/65/puzzle16.txt,62.798505
benchmark_puzzles/benchmarks5x5/65/puzzle18.txt,52.447199
benchmark_puzzles/benchmarks5x5/65/puzzle19.txt,55.938326
benchmark_puzzles/benchmarks5x5/65/puzzle2.txt,50.980622
benchmark_puzzles/benchmarks5x5/65/puzzle20.txt,55.876252
benchmark_puzzles/benchmarks5x5/65/puzzle3.txt,64.115208
benchmark_puzzles/benchmarks5x5/65/puzzle4.txt,55.443692
benchmark_puzzles/benchmarks5x5/65/puzzle5.txt,51.465836
benchmark_puzzles/benchmarks5x5/65/puzzle6.txt,63.069037
benchmark_puzzles/benchmarks5x5/65/puzzle7.txt,55.163321
benchmark_puzzles/benchmarks5x5/65/puzzle8.txt,53.913943
benchmark_puzzles/benchmarks5x5/65/puzzle9.txt,57.682278
benchmark_puzzles/benchmarks5x5/70/puzzle1.txt,56.558314
benchmark_puzzles/benchmarks5x5/70/puzzle10.txt,56.99477
benchmark_puzzles/benchmarks5x5/70/puzzle11.txt,59.557967
benchmark_puzzles/benchmarks5x5/70/puzzle12.txt,62.656925
benchmark_puzzles/benchmarks5x5/70/puzzle13.txt,61.961984
benchmark_puzzles/benchmarks5x5/70/puzzle14.txt,61.166959
benchmark_puzzles/benchmarks5x5/70/puzzle15.txt,60.546827
benchmark_puzzles/benchmarks5x5/70/puzzle16.txt,50.744445
benchmark_puzzles/benchmarks5x5/70/puzzle17.txt,59.369699
benchmark_puzzles/benchmarks5x5/70/puzzle18.txt,75.004189
benchmark_puzzles/benchmarks5x5/70/puzzle19.txt,67.121942
benchmark_puzzles/benchmarks5x5/70/puzzle2.txt,72.02062
benchmark_puzzles/benchmarks5x5/70/puzzle20.txt,63.384067
benchmark_puzzles/benchmarks5x5/70/puzzle3.txt,60.712388
benchmark_puzzles/benchmarks5x5/70/puzzle4.txt,63.236483
benchmark_puzzles/benchmarks5x5/70/puzzle5.txt,62.66042
benchmark_puzzles/benchmarks5x5/70/puzzle6.txt,64.532667
benchmark_puzzles/benchmarks5x5/70/puzzle7.txt,67.300849
benchmark_puzzles/benchmarks5x5/70/puzzle8.txt,61.743891
benchmark_puzzles/benchmarks5x5/70/puzzle9.txt,66.268386
benchmark_puzzles/benchmarks5x5/75/puzzle1.txt,73.157166
benchmark_puzzles/benchmarks5x5/75/puzzle10.txt,67.931474
benchmark_puzzles/benchmarks5x5/75/puzzle11.txt,67.77456
benchmark_puzzles/benchmarks5x5/75/puzzle12.txt,74.961936
benchmark_puzzles/benchmarks5x5/75/puzzle13.txt,64.117353
benchmark_puzzles/benchmarks5x5/75/puzzle14.txt,67.829815
benchmark_puzzles/benchmarks5x5/75/puzzle15.txt,70.744005
benchmark_puzzles/benchmarks5x5/75/puzzle16.txt,76.298297
benchmark_puzzles/benchmarks5x5/75/puzzle17.txt,71.628137
benchmark_puzzles/benchmarks5x5/75/puzzle18.txt,74.256549
benchmark_puzzles/benchmarks5x5/75/puzzle19.txt,73.346772
benchmark_puzzles/benchmarks5x5/75/puzzle2.txt,72.067255
benchmark_puzzles/benchmarks5x5/75/puzzle20.txt,65.581375
benchmark_puzzles/benchmarks5x5/75/puzzle3.txt,67.669605
benchmark_puzzles/benchmarks5x5/75/puzzle4.txt,72.90809
benchmark_puzzles/benchmarks5x5/75/puzzle5.txt,66.333099
benchmark_puzzles/benchmarks5x5/75/puzzle6.txt,72.90402
benchmark_puzzles/benchmarks5x5/75/puzzle7.txt,68.209782
benchmark_puzzles/benchmarks5x5/75/puzzle8.txt,69.510183
benchmark_puzzles/benchmarks5x5/75/puzzle9.txt,63.499811
benchmark_puzzles/benchmarks5x5/80/puzzle1.txt,77.266458
benchmark_puzzles/benchmarks5x5/80/puzzle10.txt,73.419716
benchmark_puzzles/benchmarks5x5/80/puzzle11.txt,75.55766
benchmark_puzzles/benchmarks5x5/80/puzzle12.txt,82.702249
benchmark_puzzles/benchmarks5x5/80/puzzle13.txt,74.211293
benchmark_puzzles/benchmarks5x5/80/puzzle14.txt,65.955949
benchmark_puzzles/benchmarks5x5/80/puzzle15.txt,72.457942
benchmark_puzzles/benchmarks5x5/80/puzzle16.txt,78.904883
benchmark_puzzles/benchmarks5x5/80/puzzle17.txt,71.490114
benchmark_puzzles/benchmarks5x5/80/puzzle18.txt,78.755913
benchmark_puzzles/benchmarks5x5/80/puzzle19.txt,72.743381
benchmark_puzzles/benchmarks5x5/80/puzzle2.txt,81.826325
benchmark_puzzles/benchmarks5x5/80/puzzle20.txt,77.341133
benchmark_puzzles/benchmarks5x5/80/puzzle3.txt,75.163516
benchmark_puzzles/benchmarks5x5/80/puzzle4.txt,75.323335
benchmark_puzzles/benchmarks5x5/80/puzzle5.txt,78.570715
benchmark_puzzles/benchmarks5x5/80/puzzle6.txt,81.602915
benchmark_puzzles/benchmarks5x5/80/puzzle7.txt,74.483285
benchmark_puzzles/benchmarks5x5/80/puzzle8.txt,76.595257
benchmark_puzzles/benchmarks5x5/80/puzzle9.txt,81.439245
benchmark_puzzles/benchmarks5x5/85/puzzle1.txt,90.769514
benchmark_puzzles/benchmarks5x5/85/puzzle10.txt,84.63107
benchmark_puzzles/benchmarks5x5/85/puzzle11.txt,95.12233
benchmark_puzzles/benchmarks5x5/85/puzzle12.txt,89.615571
benchmark_puzzles/benchmarks5x5/85/puzzle13.txt,91.775058
benchmark_puzzles/benchmarks5x5/85/puzzle14.txt,94.282043
benchmark_puzzles/benchmarks5x5/85/puzzle15.txt,85.184141
benchmark_puzzles/benchmarks5x5/85/puzzle16.txt,92.808482
benchmark_puzzles/benchmarks5x5/85/puzzle17.txt,87.450091
benchmark_puzzles/benchmarks5x5/85/puzzle18.txt,87.29454
benchmark_puzzles/benchmarks5x5/85/puzzle19.txt,86.721216
benchmark_puzzles/benchmarks5x5/85/puzzle2.txt,94.115843
benchmark_puzzles/benchmarks5x5/85/puzzle20.txt,83.45105
benchmark_puzzles/benchmarks5x5/85/puzzle3.txt,90.792814
benchmark_puzzles/benchmarks5x5/85/puzzle4.txt,92.001465
benchmark_puzzles/benchmarks5x5/85/puzzle5.txt,94.461586
benchmark_puzzles/benchmarks5x5/85/puzzle6.txt,87.526504
benchmark_puzzles/benchmarks5x5/85/puzzle7.txt,90.206379
benchmark_puzzles/benchmarks5x5/85/puzzle8.txt,92.900151
benchmark_puzzles/benchmarks5x5/85/puzzle9.txt,93.123797
benchmark_puzzles/benchmarks5x5/90/puzzle1.txt,107.389929
benchmark_puzzles/benchmarks5x5/90/puzzle10.txt,97.072098
benchmark_puzzles/benchmarks5x5/90/puzzle11.txt,96.610305
benchmark_puzzles/benchmarks5x5/90/puzzle12.txt,99.975136
benchmark_puzzles/benchmarks5x5/90/puzzle13.txt,103.298921
benchmark_puzzles/benchmarks5x5/90/puzzle14.txt,100.564841
benchmark_puzzles/benchmarks5x5/90/puzzle15.txt,96.626085
benchmark_puzzles/benchmarks5x5/90/puzzle16.txt,90.617859
benchmark_puzzles/benchmarks5x5/90/puzzle17.txt,89.741006
benchmark_puzzles/benchmarks5x5/90/puzzle18.txt,97.420128
benchmark_puzzles/benchmarks5x5/90/puzzle19.txt,93.879015
benchmark_puzzles/benchmarks5x5/90/puzzle2.txt,97.968264
benchmark_puzzles/benchmarks5x5/90/puzzle20.txt,93.752701
benchmark_puzzles/benchmarks5x5/90/puzzle3.txt,102.083816
benchmark_puzzles/benchmarks5x5/90/puzzle4.txt,91.368469
benchmark_puzzles/benchmarks5x5/90/puzzle5.txt,96.07201
benchmark_puzzles/benchmarks5x5/90/puzzle6.txt,101.329733
benchmark_puzzles/benchmarks5x5/90/puzzle7.txt,96.137176
benchmark_puzzles/benchmarks5x5/90/puzzle8.txt,99.098317
benchmark_puzzles/benchmarks5x5/90/puzzle9.txt,102.772539
benchmark_puzzles/benchmarks5x5/95/puzzle1.txt,106.715593
benchmark_puzzles/benchmarks5x5/95/puzzle10.txt,98.608007
benchmark_puzzles/benchmarks5x5/95/puzzle11.txt,100.74531
benchmark_puzzles/benchmarks5x5/95/puzzle12.txt,99.676782
benchmark_puzzles/benchmarks5x5/95/puzzle13.txt,114.701164
benchmark_puzzles/benchmarks5x5/95/puzzle14.txt,94.892081
benchmark_puzzles/benchmarks5x5/95/puzzle15.txt,104.43737
benchmark_puzzles/benchmarks5x5/95/puzzle16.txt,98.501865
benchmark_puzzles/benchmarks5x5/95/puzzle17.txt,96.256096
benchmark_puzzles/benchmarks5x5/95/puzzle18.txt,107.756237
benchmark_puzzles/benchmarks5x5/95/puzzle19.txt,105.670381
benchmark_puzzles/benchmarks5x5/95/puzzle2.txt,105.812077
benchmark_puzzles/benchmarks5x5/95/puzzle20.txt,108.104904
benchmark_puzzles/benchmarks5x5/95/puzzle3.txt,104.889985
benchmark_puzzles/benchmarks5x5/95/puzzle4.txt,124.985771
benchmark_puzzles/benchmarks5x5/95/puzzle5.txt,108.348447
benchmark_puzzles/benchmarks5x5/95/puzzle6.txt,107.505249
benchmark_puzzles/benchmarks5x5/95/puzzle7.txt,103.295409
benchmark_puzzles/benchmarks5x5/95/puzzle8.txt,100.6006
benchmark_puzzles/benchmarks5x5/95/puzzle9.txt,108.16701
benchmark_puzzles/benchmarks6x6/10/puzzle1.txt,3.5051495
benchmark_puzzles/benchmarks6x6/10/puzzle10.txt,3.930321
benchmark_puzzles/benchmarks6x6/10/puzzle11.txt,3.7898440000000004
benchmark_puzzles/benchmarks6x6/10/puzzle12.txt,5.1307925
benchmark_puzzles/benchmarks6x6/10/puzzle13.txt,5.609866
benchmark_puzzles/benchmarks6x6/10/puzzle14.txt,3.7867565
benchmark_puzzles/benchmarks6x6/10/puzzle15.txt,4.118109
benchmark_puzzles/benchmarks6x6/10/puzzle16.txt,4.7973324999999996
benchmark_puzzles/benchmarks6x6/10/puzzle17.txt,3.6400759999999996
benchmark_puzzles/benchmarks6x6/10/puzzle18.txt,3.0093815
benchmark_puzzles/benchmarks6x6/10/puzzle19.txt,3.682709
benchmark_puzzles/benchmarks6x6/10/puzzle2.txt,3.6172955
benchmark_puzzles/benchmarks6x6/10/puzzle20.txt,3.8828565
benchmark_puzzles/benchmarks6x6/10/puzzle3.txt,4.694546000000001
benchmark_puzzles/benchmarks6x6/10/puzzle4.txt,5.267353
benchmark_puzzles/benchmarks6x6/10/puzzle5.txt,3.8416865
benchmark_puzzles/benchmarks6x6/10/puzzle6.txt,3.2212095
benchmark_puzzles/benchmarks6x6/10/puzzle7.txt,5.040013999999999
benchmark_puzzles/benchmarks6x6/10/puzzle8.txt,2.294759
benchmark_puzzles/benchmarks6x6/10/puzzle9.txt,3.014977
benchmark_puzzles/benchmarks6x6/15/puzzle1.txt,9.8285755
benchmark_puzzles/benchmarks6x6/15/puzzle10.txt,10.3418515
benchmark_puzzles/benchmarks6x6/15/puzzle11.txt,9.7633005
benchmark_puzzles/benchmarks6x6/15/puzzle12.txt,13.7368645
benchmark_puzzles/benchmarks6x6/15/puzzle13.txt,11.573354000000002
benchmark_puzzles/benchmarks6x6/15/puzzle14.txt,10.085549499999999
benchmark_puzzles/benchmarks6x6/15/puzzle15.txt,8.0173035
benchmark_puzzles/benchmarks6x6/15/puzzle16.txt,13.011214500000001
benchmark_puzzles/benchmarks6x6/15/puzzle17.txt,9.791643
benchmark_puzzles/benchmarks6x6/15/puzzle18.txt,9.485192
benchmark_puzzles/benchmarks6x6/15/puzzle19.txt,9.700031
benchmark_puzzles/benchmarks6x6/15/puzzle2.txt,8.126559
benchmark_puzzles/benchmarks6x6/15/puzzle20.txt,10.050501
benchmark_puzzles/benchmarks6x6/15/puzzle3.txt,9.747388
benchmark_puzzles/benchmarks6x6/15/puzzle4.txt,9.2630675
benchmark_puzzles/benchmarks6x6/15/puzzle5.txt,10.2248195
benchmark_puzzles/benchmarks6x6/15/puzzle6.txt,9.209417
benchmark_puzzles/benchmarks6x6/15/puzzle7.txt,9.746642999999999
benchmark_puzzles/benchmarks6x6/15/puzzle8.txt,7.2167200000000005
benchmark_puzzles/benchmarks6x6/15/puzzle9.txt,9.382718
benchmark_puzzles/benchmarks6x6/20/puzzle1.txt,20.03236
benchmark_puzzles/benchmarks6x6/20/puzzle10.txt,19.4573345
benchmark_puzzles/benchmarks6x6/20/puzzle11.txt,19.212022
benchmark_puzzles/benchmarks6x6/20/puzzle12.txt,21.380478
benchmark_puzzles/benchmarks6x6/20/puzzle13.txt,21.417897
benchmark_puzzles/benchmarks6x6/20/puzzle14.txt,20.0108085
benchmark_puzzles/benchmarks6x6/20/puzzle15.txt,17.577419
benchmark_puzzles/benchmarks6x6/20/puzzle16.txt,19.8297145
benchmark_puzzles/benchmarks6x6/20/puzzle17.txt,19.258746000000002
benchmark_puzzles/benchmarks6x6/20/puzzle18.txt,18.855621499999998
benchmark_puzzles/benchmarks6x6/20/puzzle19.txt,18.760864
benchmark_puzzles/benchmarks6x6/20/puzzle2.txt,15.0782095
benchmark_puzzles/benchmarks6x6/20/puzzle20.txt,17.942143
benchmark_puzzles/benchmarks6x6/20/puzzle3.txt,18.569004
benchmark_puzzles/benchmarks6x6/20/puzzle4.txt,21.9006045
benchmark_puzzles/benchmarks6x6/20/puzzle5.txt,19.9197695
benchmark_puzzles/benchmarks6x6/20/puzzle6.txt,18.243652
benchmark_puzzles/benchmarks6x6/20/puzzle7.txt,20.7177535
benchmark_puzzles/benchmarks6x6/20/puzzle8.txt,21.895052500000002
benchmark_puzzles/benchmarks6x6/20/puzzle9.txt,17.163039
benchmark_puzzles/benchmarks6x6/25/puzzle1.txt,29.762974
benchmark_puzzles/benchmarks6x6/25/puzzle10.txt,28.214765
benchmark_puzzles/benchmarks6x6/25/puzzle11.txt,34.000865000000005
benchmark_puzzles/benchmarks6x6/25/puzzle12.txt,25.394847
benchmark_puzzles/benchmarks6x6/25/puzzle13.txt,29.048158
benchmark_puzzles/benchmarks6x6/25/puzzle14.txt,23.631061000000003
benchmark_puzzles/benchmarks6x6/25/puzzle15.txt,25.8423655
benchmark_puzzles/benchmarks6x6/25/puzzle16.txt,34.1635175
benchmark_puzzles/benchmarks6x6/25/puzzle17.txt,27.527227
benchmark_puzzles/benchmarks6x6/25/puzzle18.txt,32.0643975
benchmark_puzzles/benchmarks6x6/25/puzzle19.txt,25.9461165
benchmark_puzzles/benchmarks6x6/25/puzzle2.txt,26.618524999999998
benchmark_puzzles/benchmarks6x6/25/puzzle20.txt,22.410376499999998
benchmark_puzzles/benchmarks6x6/25/puzzle3.txt,33.304888000000005
benchmark_puzzles/benchmarks6x6/25/puzzle4.txt,32.6180025
benchmark_puzzles/benchmarks6x6/25/puzzle5.txt,26.136738
benchmark_puzzles/benchmarks6x6/25/puzzle6.txt,22.000901
benchmark_puzzles/benchmarks6x6/25/puzzle7.txt,32.856143
benchmark_puzzles/benchmarks6x6/25/puzzle8.txt,30.593356
benchmark_puzzles/benchmarks6x6/25/puzzle9.txt,18.931872499999997
benchmark_puzzles/benchmarks6x6/30/puzzle14.txt,33.495293000000004
benchmark_puzzles/benchmarks6x6/30/puzzle15.txt,36.62791
benchmark_puzzles/benchmarks6x6/30/puzzle16.txt,41.233136
benchmark_puzzles/benchmarks6x6/30/puzzle17.txt,38.450664
benchmark_puzzles/benchmarks6x6/30/puzzle19.txt,35.029771000000004
benchmark_puzzles/benchmarks6x6/30/puzzle2.txt,35.3277755
benchmark_puzzles/benchmarks6x6/30/puzzle20.txt,38.1717536
benchmark_puzzles/benchmarks6x6/30/puzzle3.txt,39.922576500000005
benchmark_puzzles/benchmarks6x6/30/puzzle6.txt,36.1647015
benchmark_puzzles/benchmarks6x6/30/puzzle9.txt,29.592299
benchmark_puzzles/benchmarks6x6/5/puzzle1.txt,0.43366566666666667
benchmark_puzzles/benchmarks6x6/5/puzzle10.txt,0.710184
benchmark_puzzles/benchmarks6x6/5/puzzle11.txt,0.776052
benchmark_puzzles/benchmarks6x6/5/puzzle12.txt,1.1304563333333333
benchmark_puzzles/benchmarks6x6/5/puzzle13.txt,0.45531
benchmark_puzzles/benchmarks6x6/5/puzzle14.txt,0.8380923333333333
benchmark_puzzles/benchmarks6x6/5/puzzle15.txt,0.224172
benchmark_puzzles/benchmarks6x6/5/puzzle16.txt,0.7016796666666667
benchmark_puzzles/benchmarks6x6/5/puzzle17.txt,0.5281166666666667
benchmark_puzzles/benchmarks6x6/5/puzzle18.txt,0.7834366666666667
benchmark_puzzles/benchmarks6x6/5/puzzle19.txt,0.47674733333333336
benchmark_puzzles/benchmarks6x6/5/puzzle2.txt,0.07872766666666668
benchmark_puzzles/benchmarks6x6/5/puzzle20.txt,0.6369323333333333
benchmark_puzzles/benchmarks6x6/5/puzzle3.txt,0.8419296666666667
benchmark_puzzles/benchmarks6x6/5/puzzle4.txt,1.018084
benchmark_puzzles/benchmarks6x6/5/puzzle5.txt,0.7005743333333334
benchmark_puzzles/benchmarks6x6/5/puzzle6.txt,0.09336633333333334
benchmark_puzzles/benchmarks6x6/5/puzzle7.txt,0.9992073333333332
benchmark_puzzles/benchmarks6x6/5/puzzle8.txt,0.030752666666666668
benchmark_puzzles/benchmarks6x6/5/puzzle9.txt,0.06644299999999999
benchmark_puzzles/benchmarks7x7/10/puzzle1.txt,17.8054095
benchmark_puzzles/benchmarks7x7/10/puzzle10.txt,20.8548515
benchmark_puzzles/benchmarks7x7/10/puzzle11.txt,20.2734275
benchmark_puzzles/benchmarks7x7/10/puzzle12.txt,18.6319355
benchmark_puzzles/benchmarks7x7/10/puzzle13.txt,16.441767499999997
benchmark_puzzles/benchmarks7x7/10/puzzle14.txt,18.6413075
benchmark_puzzles/benchmarks7x7/10/puzzle15.txt,15.353282
benchmark_puzzles/benchmarks7x7/10/puzzle16.txt,18.63531
benchmark_puzzles/benchmarks7x7/10/puzzle17.txt,18.534528
benchmark_puzzles/benchmarks7x7/10/puzzle18.txt,15.216705000000001
benchmark_puzzles/benchmarks7x7/10/puzzle19.txt,15.948795
benchmark_puzzles/benchmarks7x7/10/puzzle2.txt,15.373441
benchmark_puzzles/benchmarks7x7/10/puzzle20.txt,18.321813
benchmark_puzzles/benchmarks7x7/10/puzzle3.txt,20.3117055
benchmark_puzzles/benchmarks7x7/10/puzzle4.txt,18.81858
benchmark_puzzles/benchmarks7x7/10/puzzle5.txt,18.067225999999998
benchmark_puzzles/benchmarks7x7/10/puzzle6.txt,16.1564285
benchmark_puzzles/benchmarks7x7/10/puzzle7.txt,17.9230585
benchmark_puzzles/benchmarks7x7/10/puzzle8.txt,12.447114
benchmark_puzzles/benchmarks7x7/10/puzzle9.txt,13.525264
benchmark_puzzles/benchmarks7x7/15/puzzle13.txt,37.86453933333334
benchmark_puzzles/benchmarks7x7/15/puzzle15.txt,37.852045000000004
benchmark_puzzles/benchmarks7x7/15/puzzle17.txt,34.552627333333334
benchmark_puzzles/benchmarks7x7/15/puzzle19.txt,37.696022666666664
benchmark_puzzles/benchmarks7x7/15/puzzle2.txt,33.43280266666667
benchmark_puzzles/benchmarks7x7/15/puzzle5.txt,36.38269933333333
benchmark_puzzles/benchmarks7x7/15/puzzle6.txt,36.65343166666666
benchmark_puzzles/benchmarks7x7/15/puzzle9.txt,34.681838666666664
benchmark_puzzles/benchmarks7x7/5/puzzle1.txt,4.864416333333334
benchmark_puzzles/benchmarks7x7/5/puzzle10.txt,5.550539666666666
benchmark_puzzles/benchmarks7x7/5/puzzle11.txt,5.097107333333333
benchmark_puzzles/benchmarks7x7/5/puzzle12.txt,5.8203423333333335
benchmark_puzzles/benchmarks7x7/5/puzzle13.txt,4.324602666666667
benchmark_puzzles/benchmarks7x7/5/puzzle14.txt,6.392914333333334
benchmark_puzzles/benchmarks7x7/5/puzzle15.txt,3.367935666666666
benchmark_puzzles/benchmarks7x7/5/puzzle16.txt,4.316474666666666
benchmark_puzzles/benchmarks7x7/5/puzzle17.txt,5.179562
benchmark_puzzles/benchmarks7x7/5/puzzle18.txt,3.7341463333333333
benchmark_puzzles/benchmarks7x7/5/puzzle19.txt,3.671914666666667
benchmark_puzzles/benchmarks7x7/5/puzzle2.txt,3.280648666666666
benchmark_puzzles/benchmarks7x7/5/puzzle20.txt,4.072510333333334
benchmark_puzzles/benchmarks7x7/5/puzzle3.txt,5.873957
benchmark_puzzles/benchmarks7x7/5/puzzle4.txt,4.293912333333334
benchmark_puzzles/benchmarks7x7/5/puzzle5.txt,4.139442333333333
benchmark_puzzles/benchmarks7x7/5/puzzle6.txt,3.770869333333333
benchmark_puzzles/benchmarks7x7/5/puzzle7.txt,4.567100666666667
benchmark_puzzles/benchmarks7x7/5/puzzle8.txt,2.5618133333333337
benchmark_puzzles/benchmarks7x7/5/puzzle9.txt,3.906248
benchmark_puzzles/benchmarks8x8/5/puzzle1.txt,18.416503
benchmark_puzzles/benchmarks8x8/5/puzzle10.txt,22.256255
benchmark_puzzles/benchmarks8x8/5/puzzle11.txt,17.759876000000002
benchmark_puzzles/benchmarks8x8/5/puzzle12.txt,14.966329333333334
benchmark_puzzles/benchmarks8x8/5/puzzle13.txt,18.268029
benchmark_puzzles/benchmarks8x8/5/puzzle14.txt,16.828730666666665
benchmark_puzzles/benchmarks8x8/5/puzzle15.txt,18.468640333333333
benchmark_puzzles/benchmarks8x8/5/puzzle16.txt,17.450451
benchmark_puzzles/benchmarks8x8/5/puzzle17.txt,24.122930666666665
benchmark_puzzles/benchmarks8x8/5/puzzle18.txt,18.053089
benchmark_puzzles/benchmarks8x8/5/puzzle19.txt,16.034858666666665
benchmark_puzzles/benchmarks8x8/5/puzzle2.txt,14.07259
benchmark_puzzles/benchmarks8x8/5/puzzle20.txt,18.66166266666667
benchmark_puzzles/benchmarks8x8/5/puzzle3.txt,20.48477833333333
benchmark_puzzles/benchmarks8x8/5/puzzle4.txt,18.882024333333334
benchmark_puzzles/benchmarks8x8/5/puzzle5.txt,19.937510666666668
benchmark_puzzles/benchmarks8x8/5/puzzle6.txt,20.048371999999997
benchmark_puzzles/benchmarks8x8/5/puzzle7.txt,20.84144
benchmark_puzzles/benchmarks8x8/5/puzzle8.txt,14.797561333333334
benchmark_puzzles/benchmarks8x8/5/puzzle9.txt,15.997656
benchmark_puzzles/benchmarks9x9/5/puzzle1.txt,56.501946000000004
benchmark_puzzles/benchmarks9x9/5/puzzle10.txt,65.11648066666667
benchmark_puzzles/benchmarks9x9/5/puzzle11.txt,59.579445
benchmark_puzzles/benchmarks9x9/5/puzzle12.txt,50.67556966666666
benchmark_puzzles/benchmarks9x9/5/puzzle13.txt,53.33991066666666
benchmark_puzzles/benchmarks9x9/5/puzzle14.txt,58.424684000000006
benchmark_puzzles/benchmarks9x9/5/puzzle15.txt,56.089697666666666
benchmark_puzzles/benchmarks9x9/5/puzzle18.txt,55.087030333333324
benchmark_puzzles/benchmarks9x9/5/puzzle19.txt,54.86588533333333
benchmark_puzzles/benchmarks9x9/5/puzzle2.txt,47.75327333333334
benchmark_puzzles/benchmarks9x9/5/puzzle20.txt,56.101845999999995
benchmark_puzzles/benchmarks9x9/5/puzzle3.txt,50.03812100000001
benchmark_puzzles/benchmarks9x9/5/puzzle4.txt,55.70575766666666
benchmark_puzzles/benchmarks9x9/5/puzzle5.txt,60.41319299999999
benchmark_puzzles/benchmarks9x9/5/puzzle6.txt,54.28043699999999
benchmark_puzzles/benchmarks9x9/5/puzzle7.txt,48.187655666666664
benchmark_puzzles/benchmarks9x9/5/puzzle8.txt,47.92555466666666
benchmark_puzzles/benchmarks9x9/5/puzzle9.txt,55.61729
